"municipio","area_territorial","populacao","densidade_demografica","populacao_estimada","escolarizacao","idhm","mortalidade_infantil","receitas_brutas","despesas_brutas","pib_per_capita"
"Abadia dos Dourados",880.461,6272,7.12,6345,98.28,0.689,NA,54056251.12,47058562.8,30356.59
"Abaeté",1817.067,22675,12.48,23173,99.09,0.698,4.48,171110172.9,164326914.45,28311.84
"Abre Campo",470.551,13927,29.6,14354,96.21,0.654,12.2,79952087.52,66949825.34,23803.57
"Acaiaca",101.886,3909,38.37,3998,99.3,0.63,20,34605138.82,28148613.95,21761.55
"Açucena",815.422,8943,10.97,8926,98.92,0.61,23.53,48102705.27,42314545.76,19243.4
"Água Boa",1320.344,12589,9.53,12391,95.9,0.576,14.18,78270812.01,73654670.62,18700.62
"Água Comprida",492.167,2108,4.28,2171,100,0.675,NA,40914973.28,37046615.99,156992.53
"Aguanil",232.091,4357,18.77,4509,100,0.663,NA,46138791.87,36531077.57,25589.54
"Águas Formosas",820.079,18448,22.5,18850,98.78,0.645,NA,102014269.3,93128253.95,19667.48
"Águas Vermelhas",1256.607,14037,11.17,14567,99.81,0.601,19.74,80668792.63,75527062.4,19832.58
"Aimorés",1348.913,25269,18.73,26212,97.93,0.684,9.52,128304067.38,129716285.3,31397.2
"Aiuruoca",649.68,6233,9.59,6389,95.88,0.668,NA,45581389.67,40086036.58,24774.89
"Alagoa",161.356,2749,17.04,2820,100,0.649,35.71,35688909.15,36532988.33,23222.87
"Albertina",58.01,2952,50.89,3027,98.76,0.673,NA,42423792.91,36913245.24,30794.8
"Além Paraíba",510.25,30717,60.2,31159,98.92,0.726,16.53,171904347.43,159669441.33,34044.96
"Alfenas",850.446,78970,92.86,82303,97.23,0.761,6.72,558297532.37,573714655.19,46472.06
"Alfredo Vasconcelos",130.815,6931,52.98,7236,99.53,0.675,NA,48961263.93,45694490.3,25532.28
"Almenara",2294.426,40364,17.59,42019,98.34,0.642,15.15,210886904.01,197177968.27,20164.42
"Alpercata",166.972,6903,41.34,7019,100,0.646,12.99,45137681.44,47677612.75,16365.79
"Alpinópolis",460.685,18300,39.72,18673,99.39,0.725,21.19,101762814.56,87685763.24,33804.26
"Alterosa",362.01,13915,38.44,14272,98.43,0.668,20.27,76980637.52,70682868.14,23877.52
"Alto Caparaó",103.69,5795,55.89,6014,98.33,0.661,12.05,42178818.71,40873170.17,22722.7
"Alto Rio Doce",518.053,10891,21.02,10931,99.07,0.62,NA,59922005.16,51975124.15,20466.16
"Alvarenga",295.691,3975,14.29,3983,100,0.592,NA,36585851.31,31485232.47,16336.88
"Alvinópolis",599.443,15059,25.12,15358,97.97,0.676,NA,79981472.64,82745353.6,26729.08
"Alvorada de Minas",374.008,4159,11.12,4359,98.77,0.572,NA,127001583.97,120996054.5,22844.17
"Amparo do Serra",136.186,4541,33.34,4574,98.09,0.641,23.81,36199874.31,29641298.74,15766.86
"Andradas",469.396,40553,86.39,42501,99.45,0.734,4.3,222905075.48,202354053.05,36575.48
"Cachoeira de Pajeú",695.672,9110,13.1,9347,99.68,0.578,14.71,44640314.88,43082990.88,16075.2
"Andrelândia",1005.285,11927,11.86,12163,99.03,0.7,17.86,78585678.17,74849699.47,28572.34
"Angelândia",185.211,7718,41.67,7849,99.48,0.597,28.85,48259373.73,45519340.18,25117.02
"Antônio Carlos",529.915,11095,20.94,11350,100,0.683,10.1,58787786.75,53580498.03,37194.79
"Antônio Dias",787.061,9219,11.71,9375,99.63,0.645,12.99,104497819.9,99717744.94,58081.25
"Antônio Prado de Minas",83.802,1538,18.35,1552,100,0.684,NA,25622277.27,24469837.39,23271.88
"Araçaí",187.53,2181,11.63,2222,100,0.695,55.56,33168883.45,30885076.57,34713
"Aracitaba",106.608,2049,19.22,2095,97.06,0.661,52.63,30547699.2,26042337.41,19602.76
"Araçuaí",2236.279,34297,15.34,35185,99.77,0.663,2.69,181105762.78,175397151.55,31544.84
"Araguari",2729.777,117808,43.16,123432,97.29,0.773,10.23,827921368.3,834716390.01,58217.9
"Arantina",89.42,2915,32.6,2998,99.21,0.697,93.75,38402679.06,30580498.19,26663.02
"Araponga",303.793,8048,26.49,8218,97.55,0.536,9.52,51581748.73,46285127.93,17815.27
"Araporã",294.354,8479,28.81,9069,99.8,0.708,13.42,108278751.7,105184083.73,142592.92
"Arapuá",173.894,2631,15.13,2668,96.85,0.724,NA,35288581.87,32518744.14,94826.06
"Araújos",245.522,9199,37.47,9634,97.88,0.698,18.69,54593562.36,49038093.14,50543.25
"Araxá",1164.062,111691,95.95,118786,99.62,0.772,5.43,831812552.32,798627387.33,79211.75
"Arceburgo",162.875,9177,56.34,9335,99.49,0.683,28.17,69143215.4,61822941.74,50160.08
"Arcos",509.873,41416,81.23,43653,99.95,0.749,13.7,236089448.99,229511553.26,73837
"Areado",283.124,13881,49.03,14229,99.1,0.727,16.26,81656817.97,69022916.42,27379.57
"Argirita",159.378,2688,16.87,2715,100,0.643,NA,35541075.15,34123927.92,19111.57
"Aricanduva",243.329,4719,19.39,4820,99.53,0.582,NA,41375251.59,40815036.23,18311.05
"Arinos",5279.419,17272,3.27,17586,99.23,0.656,11.95,139157257.9,129270037.86,31528.95
"Astolfo Dutra",158.891,14138,88.98,14633,99.64,0.694,8.77,73506299.86,68390795.74,32077.78
"Ataléia",1836.933,13736,7.48,13936,99.04,0.588,35.4,73994497.92,73784347.58,18906.22
"Augusto de Lima",1254.832,4538,3.62,4572,100,0.656,NA,46713111.71,42208132.28,25090.72
"Baependi",750.554,18366,24.47,18782,100,0.681,NA,120308158.99,121826804.65,24607.41
"Baldim",556.266,7492,13.47,7595,100,0.671,NA,42216864.81,37116293.36,17635.53
"Bambuí",1455.819,23546,16.17,24203,96.81,0.741,9.13,131739110.73,133461190.11,36567.38
"Bandeira",483.789,4741,9.8,4811,99.46,0.599,NA,40837439.66,35156087.07,13988.01
"Bandeira do Sul",47.266,5943,125.74,6183,100,0.692,18.87,1582348.32,35296025.15,19159.05
"Barão de Cocais",340.14,30778,90.49,32264,98.57,0.722,12.29,334469880.13,315934802.49,50268.69
"Barão do Monte Alto",198.313,4964,25.03,4952,100,0.649,NA,38328009.22,36185167.6,14875.4
"Barbacena",759.186,125317,165.07,129695,97.1,0.769,10.44,712995176.17,736102067.1,32785.79
"Barra Longa",383.628,5666,14.77,5717,97.85,0.624,NA,48232655.54,58311266.28,17955.57
"Barroso",82.07,20080,244.67,20604,96.93,0.734,4.57,117636362.53,107634111.84,39930.77
"Bela Vista de Minas",109.25,10167,93.15,10427,99.52,0.674,23.81,82256747.19,96090547.39,40103.71
"Belmiro Braga",393.086,3244,8.25,3292,98.32,0.66,NA,45980340.06,43509357.15,24432.08
"Belo Horizonte",331.337,2315560,6988.18,2415872,98.67,0.81,10.37,19290095592.66,19420989197.95,56227.29
"Belo Oriente",334.909,23928,71.45,24546,98.73,0.686,13.07,239795912.06,220104468.38,97365.17
"Belo Vale",364.94,8627,23.58,9012,98.9,0.655,11.9,163556502.45,213371636.41,31136.71
"Berilo",587.106,9826,16.74,9638,100,0.628,27.78,57769110.93,51747140.51,14184.1
"Bertópolis",427.803,4451,10.4,4546,87.91,0.594,47.62,31288336.7,30452513.12,14104.6
"Berizal",488.756,4201,8.6,4270,99.33,0.604,22.22,41392554.64,38309558.03,16672.41
"Betim",344.076,411846,1197.01,431433,99.37,0.749,12.57,3304153663.25,3170398198.54,127752.43
"Bias Fortes",283.535,3361,11.85,3367,100,0.62,NA,33858290.58,29566301.86,15264.8
"Bicas",140.082,13978,99.78,14358,100,0.744,6.67,85790494.41,70978980.93,25575.24
"Biquinhas",458.948,2383,5.19,2397,100,0.688,NA,79648546.93,39247673.24,31738.88
"Boa Esperança",860.669,39848,46.3,41443,98.3,0.704,14.58,251838844.29,253254761.36,35476.4
"Bocaina de Minas",503.77,5348,10.62,5530,100,0.645,22.73,36231230.27,32613913.19,19808.91
"Bocaiúva",3206.757,48032,14.98,49797,99.41,0.7,11.63,234596892.11,213819154.25,29895.72
"Bom Despacho",1213.546,51737,42.63,54377,98.39,0.75,9.76,348000861.15,324785395.12,42391.56
"Bom Jardim de Minas",412.021,6783,16.46,6988,98.26,0.673,15.15,49534494.73,43566054.03,22474.56
"Bom Jesus da Penha",208.349,4474,21.47,4677,98.32,0.735,NA,48464126.21,51841952.23,45385.21
"Bom Jesus do Amparo",195.611,5631,28.79,5786,98.81,0.683,12.35,39455717.47,35433608.9,31687.66
"Bom Jesus do Galho",592.289,14536,24.54,14719,94.7,0.623,NA,73363022.61,63786412.13,15228.93
"Bom Repouso",229.845,12649,55.03,13312,99.5,0.653,NA,77047711.36,73019597.56,16582.87
"Bom Sucesso",705.046,17151,24.33,17515,99.24,0.692,14.93,92052830.83,95155103.39,27308.18
"Bonfim",300.471,7434,24.63,7710,99.39,0.637,36.36,42228393.53,40210190.82,19218.24
"Bonfinópolis de Minas",1850.487,5528,2.99,5600,100,0.678,NA,62561936.39,56947850.72,85621.51
"Bonito de Minas",3936.455,10204,2.59,10525,98.97,0.537,21.43,62463694.35,62824029.87,12492.57
"Borda da Mata",301.108,17404,57.8,17837,99.79,0.73,5.59,92522334.5,88564964.95,26729.85
"Botelhos",334.089,14828,44.38,15141,95.41,0.702,NA,79867665.5,78653481.7,23349.51
"Botumirim",1568.884,5790,3.69,5806,100,0.602,17.86,44398506.41,41253941.59,14802.62
"Brasilândia de Minas",2509.694,15020,5.98,15485,98.25,0.674,15.96,87747643.13,80113276.79,31089.81
"Brasília de Minas",1399.484,32025,22.88,33262,99.35,0.656,8.53,184370570.77,172389341.33,15947.78
"Brás Pires",223.351,4260,19.07,4296,100,0.625,NA,38328466.35,31726596.41,14172.66
"Braúnas",378.318,4441,11.74,4445,97.74,0.624,NA,39569639.84,36478144.39,50495.49
"Brazópolis",367.688,14246,38.74,14491,99.22,0.692,15.15,70202256.81,69759195.76,19509.05
"Brumadinho",640.63,38915,60.86,41090,99.56,0.747,12.85,722713527.63,809075959.42,73116.53
"Bueno Brandão",356.15,10911,30.64,11168,98.99,0.658,NA,66363488.2,54922327.21,23528.66
"Buenópolis",1599.881,9150,5.72,9171,100,0.669,30.61,56501380.12,51270455.44,20956.09
"Bugre",161.491,4041,25.02,4159,98.41,0.627,16.95,48193169.24,39216066.74,13974.76
"Buritis",5225.186,24030,4.6,24779,97.63,0.672,20.41,205912442.9,192485680.88,60180.55
"Buritizeiro",7218.401,23910,3.31,23908,98.39,0.624,9.17,178143444.96,173595014.2,35635.57
"Cabeceira Grande",1033.055,6627,6.41,6811,100,0.648,41.67,68859894.5,67754705.78,79944.02
"Cabo Verde",368.206,11410,30.99,11269,98.45,0.674,7.14,75272115.18,65946416.84,28070.09
"Cachoeira da Prata",61.425,3693,60.17,3785,100,0.741,NA,43098037.1,36659677.25,18441.58
"Cachoeira de Minas",304.243,11883,39.06,12302,99.7,0.706,8.26,65576823.64,61035307.4,51312.38
"Cachoeira Dourada",203.07,2315,11.4,2337,98.54,0.726,100,109467343.02,89536315.01,67775.17
"Caetanópolis",156.039,11435,73.28,11906,99.58,0.706,8.77,60647834.86,53979906.51,31647.91
"Caeté",542.531,38776,71.47,39775,98.87,0.728,NA,219878754.66,206132856.19,25895.68
"Caiana",106.465,5304,49.82,5484,99.48,0.633,NA,41870031.25,34162829.06,19563.27
"Cajuri",83.038,4088,49.23,4191,100,0.617,62.5,46650945.01,36929005.97,31383.48
"Caldas",711.414,14217,19.98,14628,99.27,0.687,37.74,82569722.61,77676695.2,26206.2
"Camacho",223.001,2838,12.73,2851,100,0.69,NA,31509371.28,30316345.24,31448.46
"Camanducaia",528.688,26097,49.36,27860,98.49,0.689,16.78,180473775.69,157725801.45,50515.75
"Cambuí",244.567,29536,120.77,31066,98.8,0.751,8.75,186961399.82,183640549.14,82998.47
"Cambuquira",246.38,12313,49.98,12551,99.35,0.699,NA,66674345.9,61415802.32,36965.69
"Campanário",442.398,2923,6.61,2884,97.27,0.616,NA,34107753.62,29964032.49,20925.98
"Campanha",335.587,15935,47.48,16372,99.31,0.709,23.26,92064632.8,88598384.57,35264.92
"Campestre",577.843,20696,35.82,21155,98.45,0.698,NA,113430115.39,94735697.62,27278.19
"Campina Verde",3650.749,18011,4.93,18188,99.28,0.704,11.83,120155338.31,109096656.7,37625.23
"Campo Azul",505.914,3714,7.34,3806,100,0.621,NA,37225991.38,33784626.53,14134.95
"Campo Belo",528.225,52277,98.97,54027,98.99,0.711,3.64,309982177.35,290125300.35,27891.73
"Campo do Meio",275.426,11377,41.31,11625,97.47,0.683,17.54,74101338,64443213.46,21479.75
"Campo Florido",1264.245,8466,6.7,8931,99.59,0.706,22.73,94961080.49,80784059.76,124601.01
"Campos Altos",710.645,12979,18.26,13076,99.23,0.702,21.39,101867863.4,94713681.05,40439.11
"Campos Gerais",769.504,26105,33.92,26749,98.73,0.682,10.34,163858885.06,157225577.32,32221.78
"Canaã",174.9,4715,26.96,4839,98.72,0.649,NA,40314401.28,35183388.93,21641.26
"Canápolis",843.599,10608,12.57,10716,98.61,0.722,NA,91938119.42,77843145.72,88401.34
"Cana Verde",212.721,5272,24.78,5342,95.61,0.65,NA,44600294.43,37548941.45,18099.99
"Candeias",720.512,14001,19.43,14211,100,0.678,8.33,82338483.43,82930496.3,31618.63
"Cantagalo",141.855,3974,28.01,4029,98.89,0.631,NA,36443916,34580173.09,15925.87
"Caparaó",130.694,5048,38.62,5138,98.45,0.624,11.63,39340251.2,26955498.7,25672.72
"Capela Nova",111.073,4362,39.27,4397,100,0.648,NA,34087547.33,29199898.05,16089.87
"Capelinha",965.292,39626,41.05,41858,99.88,0.653,15.99,197743623.95,191641622.17,28058.02
"Capetinga",297.937,6562,22.02,6627,99.75,0.675,13.16,44266636.08,42529546.79,35558.95
"Capim Branco",95.333,10663,111.85,11210,99.11,0.695,28.85,59920789.36,56422985.78,16835.91
"Capinópolis",620.716,14655,23.61,14872,98.29,0.723,NA,119167774.57,110009426.87,58817.72
"Capitão Andrade",279.088,4585,16.43,4634,99.51,0.624,NA,42190245.56,37114800.49,15516.78
"Capitão Enéas",971.576,14108,14.52,14403,99.02,0.639,9.66,88976350.9,93200624.8,41139.63
"Capitólio",521.802,10380,19.89,10991,96.24,0.71,7.69,91327139.82,80210164.03,42758.08
"Caputira",187.704,8936,47.61,9128,98.64,0.615,7.25,52367872.89,51266372.05,22031.3
"Caraí",1242.345,19548,15.73,19511,99.56,0.558,24.75,101266427.45,83301447.1,14007.71
"Caranaíba",159.95,2933,18.34,2942,98.46,0.634,43.48,33589371.82,26165070.56,16810.92
"Carandaí",487.28,23812,48.87,24403,100,0.697,12.82,145168588.85,132167404.6,37097.63
"Carangola",353.404,31240,88.4,32134,98.66,0.695,5.63,186805591.89,189887467.61,24977.69
"Caratinga",1258.748,87360,69.42,90890,98.8,0.706,17.18,506720239.76,442854572.35,32870.3
"Carbonita",1456.095,8512,5.85,8603,97.97,0.638,NA,56541573.19,56559564.64,23487.07
"Careaçu",181.009,6816,37.66,7062,99.77,0.683,NA,45889993.87,39616264.87,29280.55
"Carlos Chagas",3202.984,18615,5.81,18783,98.63,0.648,9.09,117081712.35,108819919.48,33834.64
"Carmésia",259.103,2605,10.05,2693,98.94,0.65,NA,45103736.06,40434662.31,17477.55
"Carmo da Cachoeira",506.333,11547,22.81,11767,98.82,0.655,25.64,67290352.17,64784609.04,31847.05
"Carmo da Mata",357.178,11019,30.85,11291,97.21,0.689,11.49,62030955.7,61117092.64,28594.4
"Carmo de Minas",322.285,13797,42.81,14125,99.18,0.682,22.22,80727668.29,69809438.96,23937.68
"Carmo do Cajuru",455.807,23479,51.51,24581,100,0.71,11.58,141745986.94,129577854.46,33212.35
"Carmo do Paranaíba",1307.862,29011,22.18,29885,99.58,0.705,3.57,168546845.39,181393118.14,41200.53
"Carmo do Rio Claro",1065.685,20954,19.66,21506,99.86,0.733,5.43,107746564.88,104549530.89,40263.75
"Carmópolis de Minas",400.01,18003,45.01,18561,99.71,0.7,4.78,113723088.86,100147940.54,30071.74
"Carneirinho",2063.462,9422,4.57,9633,98.29,0.741,NA,242335100.46,129654246.46,72650.35
"Carrancas",727.894,4049,5.56,4161,97.46,0.725,NA,42482684.26,38494984.66,43049.31
"Carvalhópolis",81.101,3341,41.2,3419,98.99,0.724,26.32,38404951.94,36360811.05,25807.84
"Carvalhos",282.254,4422,15.67,4503,100,0.646,NA,33865308.87,29690187.44,23477.11
"Casa Grande",157.727,2214,14.04,2260,99.38,0.652,NA,33827793.63,27655711.84,37016.39
"Cascalho Rico",367.308,2712,7.38,2751,100,0.721,34.48,49531759.22,33471625.85,37351.42
"Cássia",665.802,17155,25.77,17491,99.09,0.704,17.96,102566360.49,96221280.69,30305.57
"Conceição da Barra de Minas",273.014,3560,13.04,3576,99.06,0.685,NA,36084404.33,29439707.51,24578.96
"Cataguases",491.767,66261,134.74,67732,99.05,0.751,15.49,291087666.46,276993684.24,32290.72
"Catas Altas",240.042,5473,22.8,5706,98.88,0.684,42.25,94552859.9,141903123.22,325175.25
"Catas Altas da Noruega",141.622,3110,21.96,3124,98.89,0.6,35.71,30365053.53,27919813.89,16604.57
"Catuji",419.38,7030,16.76,7248,99.28,0.54,17.7,50329800.82,47627596.43,15630.12
"Catuti",287.812,4739,16.47,4788,99.33,0.621,31.75,37717186.25,33460220.51,14945.86
"Caxambu",100.483,21056,209.55,21412,100,0.743,5.08,113178575.86,110400760.31,22079.72
"Cedro do Abaeté",283.211,1081,3.82,1084,100,0.678,NA,30393533.81,25924440.59,25878.78
"Central de Minas",204.328,6171,30.2,6213,100,0.665,14.49,58550059.45,45404858.2,16210.33
"Centralina",322.385,10207,31.66,10447,100,0.678,10.2,71787993.34,61949186.32,43978
"Chácara",152.807,3075,20.12,3194,97.77,0.664,NA,41112415.23,37602137.18,20261.4
"Chalé",212.674,6075,28.56,6289,97.93,0.655,NA,42618608.76,40496287.75,23001.8
"Chapada do Norte",830.833,10337,12.44,9763,100,0.598,68.97,80922535.53,77696019.68,11745.8
"Chapada Gaúcha",3255.189,12355,3.8,12904,99.25,0.635,20.92,92229253.53,81459962.54,47036.58
"Chiador",252.852,2800,11.07,2868,97.44,0.711,NA,41391042.69,35781136.08,16825.14
"Cipotânea",153.479,5581,36.36,5549,98.75,0.579,21.74,34529464.18,31113764.85,14494.05
"Claraval",227.627,4658,20.46,4786,97.26,0.698,NA,41547770.68,39140787.13,56243.76
"Claro dos Poções",720.424,7166,9.95,7230,100,0.67,29.85,44070809.04,38856110.66,15776.36
"Cláudio",630.706,30159,47.82,31936,99.6,0.709,7.33,167247955.12,151978416.43,47293.01
"Coimbra",106.875,7117,66.59,7293,98.45,0.669,NA,47721611.19,43955779.41,21021.4
"Coluna",347.716,8163,23.42,8206,99.03,0.583,23.53,41105033.42,43270224.93,16507.12
"Comendador Gomes",1041.047,2773,2.66,2804,100,0.697,27.78,45457650.32,39762303.04,81280.19
"Comercinho",654.961,6660,10.17,6540,99.5,0.593,45.45,43672943.83,39522897.2,12639.05
"Conceição da Aparecida",352.521,10371,29.42,10705,98.24,0.691,NA,63322611.93,53778407.14,31415.11
"Conceição das Pedras",102.206,2772,27.12,2840,95.62,0.668,NA,31321573.06,26191251.65,28423.34
"Conceição das Alagoas",1340.25,28381,21.18,30278,98.21,0.712,12.08,213980372.06,210212675.14,62796.89
"Conceição de Ipanema",253.935,4409,17.36,4503,100,0.676,NA,38273164.68,40349306.69,20741.06
"Conceição do Mato Dentro",1720.04,23163,13.47,24559,98.84,0.634,19.55,733676656.35,560412420.33,137909.63
"Conceição do Pará",250.306,5415,21.63,5584,100,0.7,NA,55464574.58,56430656.88,57902.77
"Conceição do Rio Verde",369.681,12541,33.92,12765,98.33,0.665,7.25,81724548.77,73679771.82,28072.27
"Conceição dos Ouros",180.236,10880,60.37,11218,98.71,0.703,NA,63679023.98,59441978.13,28357.83
"Cônego Marinho",1610.469,7237,4.49,7433,100,0.621,11.11,44471820.98,39603181.08,10875.32
"Confins",42.462,7350,173.53,7758,99.33,0.747,12.05,85152519.5,78989847.44,220002.3
"Congonhal",205.125,11083,54.03,11444,99.4,0.712,15.04,60685711.72,54046746.54,24727.7
"Congonhas",304.067,52890,173.94,55272,98.94,0.753,13.29,1086747890.67,1293831220.94,145467.84
"Congonhas do Norte",405.671,4831,11.91,4924,98.04,0.568,19.23,38821874.69,36434354.13,13224.74
"Conquista",618.363,6694,10.83,6878,99.51,0.729,13.89,66524752.54,60667648.06,100331.51
"Conselheiro Lafaiete",370.246,131621,355.5,138946,98.81,0.761,7.4,551758177.68,527042276.09,26459.67
"Conselheiro Pena",1466.367,20824,14.03,21052,99.67,0.662,15.75,123589402.6,114868854.96,24052.58
"Consolação",89.122,1563,17.54,1569,100,0.673,83.33,29719789.26,30170951.71,23198.36
"Contagem",194.732,621863,3193.2,651718,98.69,0.756,11.53,4079591893.57,3868907601.96,72511.78
"Coqueiral",296.163,9023,30.47,9188,98.4,0.694,10.87,56292053.42,50729599.12,31011.82
"Coração de Jesus",2225.216,25377,11.4,26138,99.31,0.642,4.02,126128503.15,122541559.75,14105.55
"Cordisburgo",823.654,7547,9.16,7535,100,0.656,15.38,41928594.73,42266825.81,21748
"Cordislândia",179.543,3200,17.82,3236,100,0.66,31.25,31117613.01,28838539.62,40996.03
"Corinto",2525.397,23532,9.32,23988,99.36,0.68,26.62,138512482.68,127176657.42,23238.31
"Coroaci",576.274,10884,18.89,11240,100,0.626,NA,43577515.36,39214387.22,14704.27
"Coromandel",3313.313,28894,8.72,30114,97.68,0.708,13.42,198237041.03,166387779.38,71010.76
"Coronel Fabriciano",221.881,104736,473.38,108708,98.59,0.755,10.64,542777425.74,501836595.81,22798.71
"Coronel Murta",815.413,8200,10.06,8237,100,0.627,NA,49258031.35,45192133.72,14151.73
"Coronel Pacheco",131.511,2762,21,2789,100,0.669,NA,34273746.6,28774484.42,26227.49
"Coronel Xavier Chaves",140.954,3486,24.73,3599,100,0.677,NA,37407409.15,35375154.2,25771.95
"Córrego Danta",657.425,2960,4.5,2956,100,0.692,NA,32268347.16,30453736.3,61253.28
"Córrego do Bom Jesus",123.651,4272,34.55,4462,100,0.692,NA,37399324.77,32253399.37,15328.37
"Córrego Fundo",101.112,6133,60.66,6333,99.5,0.678,NA,60421553.54,53361809.24,82848.14
"Córrego Novo",205.385,2875,14,2900,100,0.632,83.33,41040891.49,37499476.39,22171.2
"Couto de Magalhães de Minas",485.654,4245,8.74,4351,99.51,0.659,71.43,36552460.56,34073127.63,18082.03
"Crisólita",966.202,5265,5.45,5256,99.49,0.585,15.63,45569083.48,39936614.15,17531.18
"Cristais",628.434,12197,19.41,12634,97.88,0.692,NA,77221046.42,70727080.84,28127.36
"Cristália",840.702,5121,6.09,5133,99.6,0.583,NA,40622971.79,49434201.12,14537.52
"Cristiano Otoni",132.872,4667,35.12,4719,97.15,0.695,17.54,40089731.06,34288495.29,36140.51
"Cristina",311.33,10374,33.32,10643,99.05,0.668,NA,55879212.78,50475428.66,30535.25
"Crucilândia",167.164,5434,32.51,5674,90.59,0.651,NA,52325199.49,41304926.4,18529.98
"Cruzeiro da Fortaleza",187.446,3521,18.78,3616,99.42,0.696,NA,47861961.88,49265205.95,52043.75
"Cruzília",522.419,15362,29.41,15831,99.38,0.695,13.16,79906460.67,71743822.25,27418.39
"Cuparaque",226.75,3983,17.57,3958,98.91,0.627,35.09,46044792.62,43511891.5,20995.06
"Curral de Dentro",570.95,7406,12.97,7662,99.11,0.585,NA,47037521.54,47508496.44,12793.26
"Curvelo",3296.2,80665,24.47,84297,99.73,0.713,6.41,417245947.86,401084932.77,33550.19
"Datas",310.099,5465,17.62,5635,99.59,0.616,39.47,40700139.25,38107837.77,16112.58
"Delfim Moreira",408.473,7952,19.47,8133,100,0.669,25,43548526.21,43496786.03,17835
"Delfinópolis",1378.423,8393,6.09,8851,94.38,0.74,11.63,71195954.23,62747908.77,42373.44
"Delta",102.784,10494,102.1,11143,98.65,0.639,8.33,88089248.55,81412316.6,67510.91
"Descoberto",213.168,4928,23.12,5070,99.24,0.68,22.73,38636957.13,40853595.83,23599.35
"Desterro de Entre Rios",377.165,7653,20.29,7941,99.5,0.639,NA,58982168.76,57396607.75,32633.58
"Desterro do Melo",142.279,2994,21.04,3060,100,0.631,NA,36438339.7,28454956.41,20721.76
"Diamantina",3891.659,47702,12.26,49493,99.13,0.716,10.99,392988411.05,380000967.04,25181.77
"Diogo de Vasconcelos",165.091,3549,21.5,3581,100,0.601,NA,37759024.01,34308419.03,15597.34
"Dionísio",339.375,6847,20.18,6689,99.62,0.702,35.09,46160122.12,41561479.72,15306.41
"Divinésia",116.97,4226,36.13,4481,99.59,0.657,27.78,40713812.22,35389491.54,20587.66
"Divino",337.776,20706,61.3,21428,97.15,0.605,9.9,100316246.24,87961899.92,21385.58
"Divino das Laranjeiras",342.249,4178,12.21,4147,98.98,0.661,NA,37202173.49,33353762.13,16831.32
"Divinolândia de Minas",133.12,6516,48.95,6583,97.97,0.623,27.78,45558741.31,40282898.32,14059.92
"Divinópolis",708.115,231091,326.35,243583,98.77,0.764,10.65,1294270086.22,1240541229,40414.09
"Divisa Alegre",117.802,6321,53.66,6541,99.26,0.608,NA,49938541.71,40827731.34,34280.28
"Divisa Nova",216.955,5851,26.97,6002,99.51,0.67,NA,44244893.6,36856172.15,26848.3
"Divisópolis",572.926,10213,17.83,10659,99.52,0.609,NA,55549985.84,50924768.88,11603.17
"Dom Bosco",817.383,3697,4.52,3763,99.38,0.673,NA,38220020.15,35762300.1,23109.86
"Dom Cavati",59.52,4904,82.39,4967,99.36,0.688,20,36343032.18,32110510.77,17412.51
"Dom Joaquim",398.793,4899,12.28,5074,100,0.622,38.46,46961717.87,44650816.24,16710.43
"Dom Silvério",194.972,5228,26.81,5355,100,0.709,23.81,40094616.26,34478049.89,24641.46
"Dom Viçoso",113.921,3095,27.17,3184,100,0.687,NA,30326914.25,28519382.85,16382.71
"Dona Euzébia",70.231,6093,86.76,6250,100,0.701,NA,43911765.82,35628727.36,20782.36
"Dores de Campos",124.842,10007,80.16,10359,97.54,0.686,NA,51519807.81,49255864.75,48563.7
"Dores de Guanhães",382.124,5029,13.16,5114,100,0.636,NA,46127731.14,42503847.52,37874.38
"Dores do Indaiá",1111.202,12630,11.37,12730,99.26,0.719,NA,95195985.58,85899351.29,31579.19
"Dores do Turvo",231.169,4987,21.57,5192,100,0.629,18.18,37985618.65,34737302.85,15399.71
"Doresópolis",152.912,1461,9.55,1498,100,0.692,62.5,34669508.85,30226167.28,92215.68
"Douradoquara",312.878,1829,5.85,1869,100,0.706,NA,28097368.29,24552007.21,48518.73
"Durandé",217.461,7817,35.95,8065,99.7,0.645,32.79,41107167.67,35473101.58,19727.94
"Elói Mendes",499.537,26336,52.72,27429,98.46,0.685,15.43,140336853.14,129743619.64,36009.33
"Engenheiro Caldas",187.058,13622,72.82,14501,99.35,0.644,18.18,70209382.25,65959990.96,13866.2
"Engenheiro Navarro",608.306,6354,10.45,6373,100,0.655,16.95,43949989.05,42066780.4,18328.51
"Entre Folhas",85.39,5179,60.65,5295,99.23,0.634,15.63,39163160.24,37650983.13,15886.28
"Entre Rios de Minas",456.796,14746,32.28,15157,97.47,0.672,17.44,80094850.1,70743601.71,28299.66
"Ervália",357.489,20255,56.66,21091,99.47,0.625,9.13,107352911.71,99861335.11,28482.31
"Esmeraldas",909.727,85598,94.09,93103,98.12,0.671,18.95,351444486.18,358698647.77,15358.89
"Espera Feliz",317.638,24102,75.88,24844,87.08,0.663,8.7,128272320.38,120130698.42,23682.64
"Espinosa",1868.97,30443,16.29,31375,100,0.627,2.73,147638599.22,156388731.07,15510.85
"Espírito Santo do Dourado",263.879,6611,25.05,7132,98.5,0.685,9.26,46495868.84,41440900.66,22849.15
"Estiva",243.872,11502,47.16,11880,99.37,0.691,37.88,66717532.68,59312624.11,49781.24
"Estrela Dalva",131.365,2186,16.64,2189,100,0.71,NA,30313658.37,26357547.07,23666.92
"Estrela do Indaiá",635.981,2772,4.36,2711,100,0.676,NA,32222373.96,26179552.4,59125.42
"Estrela do Sul",822.454,6840,8.32,6897,100,0.696,15.63,62354405.57,55795433.76,67003.37
"Eugenópolis",309.395,10801,34.91,11096,100,0.675,10,59194621.74,51353277.37,22512.24
"Ewbank da Câmara",103.834,3875,37.32,3986,96.46,0.676,28.57,40753492.75,39754007.87,18471.12
"Extrema",244.575,53482,218.67,59336,99.59,0.732,8,730128761.44,645949046.9,377790.63
"Fama",86.024,2578,29.97,2676,100,0.717,NA,33203090.11,26573047.68,26425.73
"Faria Lemos",165.224,3188,19.3,3230,100,0.687,NA,32321323.76,32512573.17,24926.49
"Felício dos Santos",357.622,5133,14.35,5251,99.19,0.606,16.95,44921264.02,43139327.59,17594.88
"São Gonçalo do Rio Preto",314.458,3032,9.64,3099,100,0.64,NA,35103372.26,31189328.14,19631.11
"Felisburgo",596.215,6489,10.88,6575,97.33,0.583,NA,49251728.04,47874871.59,14080.51
"Felixlândia",1554.627,13978,8.99,14280,98.9,0.648,NA,141165701.35,117878024.89,22597.47
"Fernandes Tourinho",151.875,2789,18.36,2814,100,0.646,NA,32628542.43,28766439.89,19978.58
"Ferros",1088.791,9590,8.81,9603,99,0.603,NA,51571934.17,50340763.29,17054.14
"Fervedouro",357.683,10445,29.2,10705,99.8,0.58,6.94,64416166.19,60945706.8,17689.06
"Florestal",194.965,8045,41.42,8469,99.12,0.724,11.9,80078945.18,48061768.04,22735.72
"Formiga",1501.915,68248,45.44,70897,100,0.755,11.9,412689054.24,403999677.38,43506.98
"Formoso",3686.004,7949,2.16,8095,100,0.64,11.24,66176123.78,58895463.85,67456.04
"Fortaleza de Minas",218.792,3477,15.89,3453,100,0.67,NA,31265411.61,29413450.67,28350.46
"Fortuna de Minas",198.665,3093,15.57,3230,100,0.696,NA,84212795.25,72829068.97,22942.53
"Francisco Badaró",461.481,7366,15.96,7053,99.09,0.622,NA,49872166.01,46917037.99,12382.79
"Francisco Dumont",1576.128,4503,2.86,4547,100,0.625,20.83,43173450.28,41462084.07,23631.45
"Francisco Sá",2747.295,23476,8.55,23753,99.43,0.654,NA,139493478.9,131607817.36,22700.54
"Franciscópolis",717.087,5034,7.02,5023,91.32,0.603,16.67,41371475.28,38086323.63,18891.17
"Frei Gaspar",626.672,5640,9,5731,100,0.59,20.41,65728376.45,60215119.8,16149.54
"Frei Inocêncio",469.557,8226,17.52,8301,98.61,0.648,11.9,56454776.69,52708319.24,21092.78
"Frei Lagonegro",167.474,3391,20.25,3481,99.59,0.543,NA,32725446.17,33736891.07,15019.98
"Fronteira",199.987,14540,72.7,14946,98.76,0.684,15.87,115154500.87,110388747.37,74995.47
"Fronteira dos Vales",320.757,4345,13.55,4389,98.3,0.592,22.73,36323513.85,35596244.03,13301.8
"Fruta de Leite",762.837,4647,6.09,4538,99.57,0.544,NA,40315544.38,37456878.23,12359.93
"Frutal",2426.965,58588,24.14,61275,98.57,0.73,10.25,374444188.38,339816941.82,68730.26
"Funilândia",199.797,4686,23.45,4934,100,0.655,NA,49768381.31,44642184.87,23719.13
"Galiléia",720.303,6222,8.64,6244,99.07,0.654,25,41836382.92,38745442.27,20379.66
"Gameleiras",1733.203,4793,2.77,4847,100,0.65,NA,43799913.74,41982491.8,15620.51
"Glaucilândia",145.861,2928,20.07,2991,100,0.679,NA,32215749.15,27917429.38,18917.24
"Goiabeira",112.443,2830,25.17,2859,97.56,0.647,NA,37009735.95,33139559.65,20156.16
"Goianá",152.039,4053,26.66,4214,99.5,0.716,28.57,40493935.14,37111787.09,25771.9
"Gonçalves",187.353,4727,25.23,4922,100,0.683,NA,47244259.94,37304080.16,26274.67
"Gonzaga",209.348,5230,24.98,5235,96.34,0.606,NA,41098097.98,37789086.43,17753.38
"Gouveia",866.601,11331,13.08,11536,99.62,0.681,8,72887341.82,69531901.66,18176.41
"Governador Valadares",2342.376,257171,109.79,266561,98.43,0.727,18.36,2094349605.53,2008615080.49,33488.48
"Grão Mogol",3885.294,13901,3.58,14037,99.02,0.604,8.06,100829118.64,106013060.81,58805.79
"Grupiara",193.141,1392,7.21,1428,100,0.731,NA,35608242.91,32049615.45,37038.97
"Guanhães",1075.124,32244,29.99,33517,99.54,0.686,11.6,221337674.21,209979037.18,39834.75
"Guapé",934.345,13772,14.74,14076,98.68,0.679,7.75,109808683.39,101995402.67,36292.61
"Guaraciaba",348.596,9753,27.98,9901,100,0.623,28.99,50394210.44,45106464,13580.82
"Guaraciama",390.263,5051,12.94,5224,100,0.677,NA,37551945.27,35649836.04,16579.95
"Guaranésia",294.828,19150,64.95,19646,100,0.701,10.05,110300855.82,97768890.07,42362.89
"Guarani",264.194,7714,29.2,7731,99.35,0.677,NA,53204696.12,52487344.35,29320.68
"Guarará",88.655,3149,35.52,3091,99.02,0.652,NA,35297434.3,29705213.46,22954.16
"Guarda-Mor",2068.808,6539,3.16,6687,98.74,0.69,13.51,90928093.55,69840742.12,136087.37
"Guaxupé",286.398,50911,177.76,52744,98.4,0.751,10.56,320222595.45,279256176.34,47760.99
"Guidoval",158.375,7131,45.03,7285,100,0.683,10.99,43990654.33,42524334.93,18839.35
"Guimarânia",366.833,8478,23.11,8880,99.49,0.693,8.33,57804025.95,58715423.41,42383.07
"Guiricema",293.578,7778,26.49,7803,100,0.674,11.36,46087633.34,46414153.12,17469.73
"Gurinhatã",1849.137,5192,2.81,5154,99.44,0.68,29.41,55919853.39,57872597.91,45910.62
"Heliodora",153.95,6134,39.84,6278,98.85,0.657,15.87,45624379.02,41127876.4,25585.81
"Iapu",340.994,12030,35.28,12583,91.3,0.654,18.35,61525971.75,56400611.28,17171.12
"Ibertioga",346.24,5198,15.01,5346,100,0.657,24.39,44053061.23,41098417.42,23254.09
"Ibiá",2704.132,22229,8.22,22554,99.08,0.718,4.63,184769458.53,188027044.04,76543.04
"Ibiaí",874.76,6286,7.19,6172,99.48,0.614,32.26,47707586.78,41691638.24,19682.43
"Ibiracatu",353.257,5081,14.38,5113,99.18,0.591,34.48,37065017.3,34427363.01,12239.29
"Ibiraci",562.095,10948,19.48,10996,98.87,0.706,6.29,114909273.11,94624637.52,81825.83
"Ibirité",72.389,170537,2355.65,179582,98.11,0.704,12.89,698047426.44,678819733.68,18973.2
"Ibitiúra de Minas",68.316,3365,49.26,3440,98.03,0.674,50,33704667.42,30396894.91,22562.83
"Ibituruna",153.106,2698,17.62,2733,100,0.675,NA,32736874.65,29927593.31,27000.16
"Icaraí de Minas",625.664,10677,17.07,10914,99.51,0.624,NA,60382710.96,56003416.04,11855.81
"Igarapé",110.894,45847,413.25,49120,98.66,0.698,10.7,277239476.91,308845216.53,30576.13
"Igaratinga",218.343,10830,49.6,11345,98.42,0.651,NA,75094356.88,68373228.77,76779.93
"Iguatama",628.2,6826,10.87,6782,98.49,0.707,NA,59439594.49,54907854.25,83455.72
"Ijaci",105.246,7003,66.54,7358,100,0.714,27.03,60259499.18,52225048.54,85943.92
"Ilicínea",376.341,12741,33.85,13248,99.32,0.68,13.61,71157969.06,64942149.75,24689.19
"Imbé de Minas",196.735,6986,35.51,7244,98.64,0.553,13.89,39977941.45,36553486.15,18600.72
"Inconfidentes",149.611,7301,48.8,7537,99.04,0.692,17.54,45729307.69,45165407.32,24012.16
"Indaiabira",1004.149,6346,6.32,6328,99.62,0.61,NA,47943678.99,44325596.24,15257.71
"Indianópolis",830.03,6171,7.43,6311,99.85,0.674,20.41,106147947.96,94402652.3,348422.72
"Ingaí",305.591,2580,8.44,2632,97.47,0.697,NA,34154954.29,30843092.81,63257.13
"Inhapim",858.024,22692,26.45,22925,98.55,0.658,7.58,115068744.76,101451150.44,23940.58
"Inhaúma",244.996,6239,25.47,6465,96.9,0.702,13.89,44227252.01,36591993.32,25286.14
"Inimutaba",527.06,7371,13.99,7615,98.89,0.664,NA,44121523.93,37173687.42,14831.39
"Ipaba",113.246,17136,151.32,17587,98.66,0.665,11.9,98850782.94,95647643.7,13158.54
"Ipanema",456.641,19522,42.75,20181,100,0.693,NA,135671300.28,111656565.68,21688.93
"Ipatinga",164.482,227731,1381.16,235311,98.26,0.771,7.6,1499194965.86,1435046590.42,74079.68
"Ipiaçu",466.02,3775,8.1,3807,100,0.696,NA,53938662.78,48117332.05,61065.16
"Ipuiúna",298.195,9135,30.63,9283,98.7,0.686,NA,60538534.99,54228617.39,24456.86
"Iraí de Minas",356.264,7180,20.15,7467,96.54,0.695,20,62408201.76,53715130.56,63400.24
"Itabira",1254.607,113343,90.41,118053,98.64,0.756,11.71,1386370731.23,1470085598.35,65590.29
"Itabirinha",209.034,10362,49.57,10548,98.48,0.653,21.43,91546979.27,79141932.77,17611.15
"Itabirito",544.535,53365,98.09,56369,99.06,0.73,7.22,915324220.41,924865343.7,134178.66
"Itacambira",1788.445,4252,2.38,4227,100,0.628,43.48,38897889.2,33692392.01,17032.78
"Itacarambi",1225.273,17208,14.04,17502,98.21,0.641,14.78,106650020.06,109149390.08,17018.25
"Itaguara",410.468,13846,33.73,14415,98.53,0.691,6.41,92520704.52,79494661.36,33656.66
"Itaipé",480.829,10463,21.76,10482,99.27,0.552,27.03,61587878.98,59785467.94,13728.27
"Itajubá",294.835,93073,315.68,96855,96.65,0.787,10.49,532376410.98,497406577.56,48327.22
"Itamarandiba",2735.665,32948,12.04,34210,100,0.646,6.94,192358735.21,187890470.57,20332.03
"Itamarati de Minas",94.568,3690,39.02,3710,100,0.688,NA,36401597.66,32345830.88,19962.06
"Itambacuri",1419.209,21042,14.83,21210,99.04,0.634,29.2,127173782.29,113858133.25,19725.07
"Itambé do Mato Dentro",380.34,2142,5.63,2168,99.33,0.634,55.56,32105803.53,32475201.1,20138.96
"Itamogi",243.714,10770,44.19,11092,99.63,0.674,6.45,72216924.48,61624411.55,32355.33
"Itamonte",431.792,14786,34.24,15245,99.57,0.705,6.25,83553702.62,87936383.42,73576.56
"Itanhandu",143.363,15236,106.28,15751,99.53,0.739,6.25,114488882.53,112074894.43,42614.62
"Itanhomi",488.843,11128,22.76,11264,98.65,0.65,15.04,65992035.19,59322485.41,16065.64
"Itaobim",679.024,19151,28.2,19263,99.26,0.629,16.88,129156665.8,121288977.54,19630.93
"Itapagipe",1802.438,13690,7.6,14014,96.71,0.723,11.11,102858379.27,96878381.48,52218.53
"Itapecerica",1040.519,21046,20.23,21456,98.99,0.713,22.22,91121964.19,83342339.1,31642.7
"Itapeva",177.312,12692,71.57,13561,96.34,0.72,6.33,105298797.47,96560943.28,134876.72
"Itatiaiuçu",294.181,12966,43.93,13779,99.28,0.677,NA,337307964.82,415854180.2,187766.1
"Itaú de Minas",153.421,14406,93.9,14634,100,0.776,NA,97834388.85,92847553.57,62415.85
"Itaúna",494.559,97669,197.01,103272,98.87,0.758,11.04,582141655.64,519027076.55,50947.27
"Itaverava",284.22,5642,19.85,5747,99.4,0.627,25,46048309.19,41041001.29,14885.87
"Itinga",1649.622,13745,8.33,13954,100,0.6,NA,88945352.39,90896908.81,20633.91
"Itueta",452.676,6055,13.38,6234,99.59,0.635,NA,48129652.96,47170876.67,27072.4
"Ituiutaba",2598.046,102217,39.34,106775,99.55,0.739,14.51,609111779,553009466.58,48673.56
"Itumirim",234.802,6638,28.27,6876,99.52,0.726,21.74,36438180.87,32328455.88,16716.96
"Iturama",1404.663,38295,27.26,40259,97.7,0.747,7.77,242367569.38,226407283.99,74812.25
"Itutinga",372.018,4217,11.34,4366,100,0.727,NA,43090870.44,37227199.3,52582.95
"Jaboticatubas",1114.972,20406,18.3,21407,99.37,0.681,NA,111226541.17,99941390.96,18317.61
"Jacinto",1393.609,11042,7.92,11115,99.04,0.62,10.53,63663740.76,59648959.71,14462.07
"Jacuí",409.229,7495,18.31,7668,98.53,0.668,NA,45817441.92,40117401.29,24856.4
"Jacutinga",347.667,25525,73.42,26888,99.18,0.715,10.64,182449572.81,184555496.69,66949.64
"Jaguaraçu",163.76,3092,18.88,3181,99.29,0.679,NA,38737843.99,30754000.8,50882.66
"Jaíba",2635.467,37660,14.29,39639,99.2,0.638,17.79,192562703.29,190246692.66,25754.48
"Jampruca",517.095,4296,8.31,4266,99.32,0.609,NA,43577515.36,39214387.22,19751.72
"Janaúba",2181.319,70699,32.41,73555,99.53,0.696,9.49,440576219.04,433996308.44,27796.16
"Januária",6661.588,65150,9.78,67123,98.64,0.658,22.83,280719959.98,258610953.5,15970.66
"Japaraíba",172.141,4506,26.18,4706,100,0.721,23.26,44850210.07,36885260,28045.89
"Japonvar",375.181,8127,21.66,8385,98.92,0.608,11.76,51681033.22,47695960.86,12321.35
"Jeceaba",236.25,6197,26.23,6476,99.07,0.661,NA,97538810.27,85906251.56,272673.1
"Jenipapo de Minas",284.453,6100,21.44,6072,99.88,0.624,NA,40903742.11,37806991.73,14405.55
"Jequeri",547.897,12419,22.67,12636,95.63,0.601,NA,68126801.28,67745099.16,19779.54
"Jequitaí",1268.443,6484,5.11,6379,99.55,0.643,25.64,49414859.16,43076147.3,24257.23
"Jequitibá",445.03,5883,13.22,6142,98.28,0.689,32.79,42923461.59,46939564.47,27494.99
"Jequitinhonha",3514.216,24007,6.83,24516,98.29,0.615,8.4,126771059.65,121893246.51,15993.16
"Jesuânia",153.852,5138,33.4,5320,99.41,0.658,24.39,36597318.3,33746403.17,22011.09
"Joaíma",1664.19,13888,8.35,14035,98.65,0.587,5.85,76756225.7,73283143.34,15202.06
"Joanésia",233.292,4329,18.56,4246,99.28,0.626,NA,34327283.4,44176329.42,27734.73
"João Monlevade",98.231,80187,808.68,83791,99.62,0.758,7.94,490757647.03,453725634.04,53454.42
"João Pinheiro",10727.097,46801,4.36,48725,99.29,0.697,18.93,310720480.09,294186193.51,54758.05
"Joaquim Felício",790.935,3854,4.87,3868,97.87,0.637,NA,43174228.75,41482503.27,21696.86
"Jordânia",546.705,10304,18.85,10541,100,0.628,19.05,53348938.62,51420644.3,12561.01
"José Gonçalves de Minas",381.332,3969,10.41,3963,99.34,0.632,NA,40730279.88,34929077.61,15684.37
"José Raydan",180.822,4268,23.6,4349,99.15,0.617,22.22,33746827.28,31191539,26665.99
"Josenópolis",541.393,3630,6.7,3557,99.3,0.564,NA,38940977.52,35470285.31,16428.46
"Nova União",172.131,5909,34.33,6107,100,0.662,28.17,40551864.05,45533263.54,24892.45
"Juatuba",97.66,30716,316.6,33249,97.61,0.717,5.31,226684609.65,220578109.83,69161
"Juiz de Fora",1435.749,540756,376.64,567730,98.97,0.778,12.3,3027135915.32,3358796771.18,43035.36
"Juramento",431.63,3768,8.73,3798,98.59,0.669,25.64,37291677.97,32479908.81,16910.52
"Juruaia",220.353,11084,50.3,11652,98.19,0.723,11.76,76573769.03,69620503.28,27366.31
"Juvenília",1064.692,5789,5.44,5937,99.24,0.592,15.87,42667073.35,41036624.02,15524.41
"Ladainha",866.29,14383,16.6,14263,97.8,0.541,6.54,96284594.54,96975392.24,11687
"Lagamar",1474.562,6631,4.5,6622,100,0.718,22.73,47489323.1,42123664.71,40025.48
"Lagoa da Prata",439.984,51412,116.85,53927,98.64,0.732,16.95,241770265.23,209223372.54,48073.32
"Lagoa dos Patos",600.547,3313,5.52,3237,100,0.634,NA,37434119.77,31772580.57,19881.73
"Lagoa Dourada",476.693,12769,26.79,13152,99.29,0.676,7.35,83998410.02,79564880.44,29524.57
"Lagoa Formosa",840.92,18904,22.48,19614,98.82,0.703,25.77,125206659.44,133533013.19,37753.03
"Lagoa Grande",1236.301,8969,7.25,9235,99.54,0.679,11.9,68645050.98,70523116.4,34814.82
"Lagoa Santa",229.741,75145,327.56,81299,98.75,0.777,11.9,468775912.03,469744705.26,37599.05
"Lajinha",431.92,20835,48.24,21502,98.67,0.661,20.06,129323100.31,117809637.29,24388.73
"Lambari",213.11,20414,95.79,21010,99.49,0.711,4.88,95024920.97,90038008.8,26399.91
"Lamim",118.602,3184,26.85,3213,100,0.655,NA,31972946.5,30071737.98,21016.85
"Laranjal",204.882,5963,29.1,6018,99.66,0.714,NA,48710206.03,45472454.15,19486.04
"Lassance",3204.217,7124,2.22,7398,98.28,0.629,NA,60340636.71,54345547.92,32473.58
"Lavras",564.744,104761,185.5,110682,99.4,0.782,11.25,523750292.36,489076735.36,37386.83
"Leandro Ferreira",352.005,3199,9.09,3272,100,0.71,NA,33284145.2,35287709.26,20964.82
"Leme do Prado",280.036,4341,15.5,4364,100,0.67,NA,40654452.47,39391842,16965.23
"Leopoldina",943.077,51145,54.23,52739,99.11,0.726,4.15,241714336.6,219553079.28,26289.63
"Liberdade",401.337,4737,11.8,4744,99.52,0.672,NA,38118490.01,41458821.01,24868.68
"Lima Duarte",848.564,17221,20.29,17782,99.31,0.71,20,91220943.8,85172616.06,25114.48
"Limeira do Oeste",1317.153,8687,6.6,9191,100,0.71,21.28,72311209.52,69643710.96,89243.79
"Lontra",258.925,8790,33.95,8963,100,0.646,31.25,47837883.71,47146776.09,12601.04
"Luisburgo",145.418,6956,47.83,7239,95.25,0.608,16.67,44511252.78,44163620.16,22336.09
"Luislândia",411.714,6210,15.08,6323,100,0.614,54.35,38813674.32,34318680.84,13279.85
"Luminárias",500.143,5586,11.17,5744,98.85,0.678,44.44,40771748.39,34922651.06,29741.19
"Luz",1171.659,17875,15.26,18336,99.34,0.724,5.52,113319862.1,100627483.31,48318.1
"Machacalis",332.378,6487,19.52,6556,99.66,0.64,NA,53485874.42,51695106.63,21096.05
"Machado",585.958,37684,64.31,38809,98.14,0.715,13.19,247219122.91,226224554.65,37319.77
"Madre de Deus de Minas",492.909,5191,10.53,5360,99.74,0.699,NA,50020399.7,42139954.41,78696.03
"Malacacheta",727.886,17516,24.06,17691,99.31,0.618,16.13,99231878.9,102880517.9,15572.18
"Mamonas",284.365,5997,21.09,6082,99.39,0.618,NA,43077858.36,38491591,13337.1
"Manga",1950.184,18886,9.68,19148,99.16,0.642,30.93,112839432.95,104173741.17,16720.29
"Manhuaçu",628.318,91886,146.24,97328,99.07,0.689,2.33,423672676.9,371246168.15,40383.06
"Manhumirim",182.9,20613,112.7,20939,99.64,0.697,3.98,126703927.73,122813758.82,28520.21
"Mantena",685.208,26535,38.73,27350,98.58,0.675,17.42,158158950.11,151458174.55,23022.31
"Maravilhas",261.604,7333,28.03,7532,97.02,0.672,12.2,66883855.87,71068347.26,33206.32
"Mar de Espanha",371.6,12721,34.23,13180,97.92,0.684,6.17,65372972.83,53869113.89,22711.37
"Maria da Fé",202.898,14247,70.22,14567,99.61,0.702,7.04,78116478.7,70069983.42,19192.09
"Mariana",1194.208,61387,51.4,64506,99.48,0.742,17.1,883769864.89,868426625.24,75862.09
"Marilac",158.809,4224,26.6,4323,97.18,0.615,16.13,53748954.71,58002573.59,17806.4
"Mário Campos",35.196,15900,451.76,16705,98.64,0.699,19.42,77494627.57,67655546.54,15124.32
"Maripá de Minas",77.338,3387,43.79,3567,99.32,0.68,NA,41845233.28,42309505.81,32776.76
"Marliéria",545.813,4592,8.41,4796,100,0.657,NA,42469654.07,36755956.22,14760.21
"Marmelópolis",107.902,3200,29.66,3314,100,0.65,NA,31078563.39,27480513.15,19290.67
"Martinho Campos",1058.418,14003,13.23,14546,99.39,0.669,5.85,87966020.4,73704343.98,41723.75
"Martins Soares",113.268,8396,74.13,8797,97.8,0.635,16.13,53426046.07,43524177.85,35588.95
"Mata Verde",227.539,9112,40.05,9532,99.32,0.581,13.89,46586005.04,44922380.76,12362.11
"Materlândia",280.53,3963,14.13,3949,99.26,0.597,NA,36349577.72,34338127.81,19364.05
"Mateus Leme",302.312,37841,125.56,40814,99.33,0.704,13.45,241446184.74,250346538.95,28963.13
"Matias Barbosa",157.066,14121,89.9,14547,99.69,0.72,19.23,89160761.45,78400057.61,62258.96
"Matias Cardoso",1940.597,8895,4.58,8922,98.77,0.616,NA,68324605.34,63308293.01,22549.63
"Matipó",266.99,18552,69.49,19115,96.56,0.631,6.99,101200290.95,82097862.31,25986.21
"Mato Verde",472.245,12038,25.49,12210,99.56,0.662,7.19,63474508.13,53856783.33,19030.52
"Matozinhos",252.453,37618,149.01,39529,99.72,0.731,15.56,175677942.94,151704827.41,50386.14
"Matutina",260.957,3814,14.62,3912,98.22,0.707,NA,36211911.81,33034331.24,33723.81
"Medeiros",946.437,3900,4.12,4068,100,0.711,NA,47389110.74,44639933.57,70047.41
"Medina",1435.903,20156,14.04,20455,99.56,0.624,13.57,102561816.75,91941859.44,16407.79
"Mendes Pimentel",305.507,5606,18.35,5614,98.79,0.626,45.45,42414585.95,40246416.49,17506.38
"Mercês",348.271,10373,29.78,10615,99.26,0.664,NA,61273193.63,59890558.4,18257.81
"Mesquita",274.938,5040,18.33,4984,99.3,0.656,NA,40375576.92,38340799.07,14595.69
"Minas Novas",1812.398,24405,13.47,23843,100,0.633,8.2,161434544.8,158536366.56,16887.02
"Minduri",219.774,3741,17.02,3811,100,0.658,20.83,40318013.38,40896983.15,53199.44
"Mirabela",723.278,13651,18.87,14071,99.62,0.665,13.7,90696462.25,78746264.63,14193.99
"Miradouro",301.672,8968,29.73,8961,100,0.663,NA,64674200.62,58447572.63,22978.26
"Miraí",320.695,13633,42.51,13921,93.71,0.68,14.71,84684015.41,84263882.48,27053.22
"Miravânia",602.128,3985,6.62,3982,99.67,0.593,NA,36590011.28,35279374.83,14534.33
"Moeda",154.129,5125,33.04,5314,100,0.638,NA,49376380.93,44391018.77,20318.48
"Moema",202.705,7548,37.24,7812,97.18,0.721,NA,65697748.02,61597627.16,21214.14
"Monjolos",650.911,2169,3.33,2187,100,0.65,NA,32922803.22,32043192.01,19278.31
"Monsenhor Paulo",216.54,8340,38.51,8565,99.39,0.721,NA,56070135.14,54385055.45,33594.08
"Montalvânia",1503.755,14060,9.35,14068,99.68,0.613,6.06,71210901.83,72403919.46,14720.07
"Monte Alegre de Minas",2595.957,20170,7.77,20708,98.98,0.674,9.95,169178691.87,173489925.6,44805.21
"Monte Azul",1001.296,20328,20.3,20497,99.63,0.659,29.41,106817500.37,103118492.51,16034.91
"Monte Belo",421.283,13046,30.97,13347,98.6,0.688,14.29,74339595.62,77805346.08,37259
"Monte Carmelo",1343.035,47692,35.51,49500,99.04,0.728,1.95,304615263.04,253377982.49,41037.5
"Monte Formoso",385.553,4381,11.36,4437,98.72,0.541,31.25,37445708.18,37173808.43,12024.23
"Monte Santo de Minas",594.632,20890,35.13,21294,100,0.71,4.33,107582332.71,98430359.27,30279.32
"Montes Claros",3589.811,414240,115.39,437601,99.04,0.77,11.43,2118235776.03,2115906582.55,32170.33
"Monte Sião",291.594,24089,82.61,25107,98.95,0.724,12.5,150391128.23,135494136.68,30041.84
"Montezuma",1130.419,6888,6.09,6951,100,0.587,NA,45403584.54,42247044.42,15199.19
"Morada Nova de Minas",2084.275,9067,4.35,9414,98.49,0.696,11.24,105948569.85,104526913.85,62940.66
"Morro da Garça",414.772,2411,5.81,2426,98.73,0.648,35.71,36670360.55,30109732.12,26068.1
"Morro do Pilar",477.548,3133,6.56,3161,98.19,0.597,31.25,50871262.1,48026972.35,17900.6
"Munhoz",191.599,7451,38.9,7930,98.87,0.647,NA,49638039.69,45915945.36,21191.1
"Muriaé",841.693,104108,123.69,108447,98.96,0.734,4.85,784880079.13,759532397.33,30846.73
"Mutum",1250.823,27635,22.09,28749,99.22,0.644,5.9,120136919.1,122565199.32,23986.56
"Muzambinho",409.948,21891,53.4,22620,100,0.74,13.33,123037103.01,100095208.35,33933.26
"Nacip Raydan",233.493,2459,10.53,2400,100,0.585,NA,32048218.47,29625395.72,16525.57
"Nanuque",1518.166,35038,23.08,35263,99.8,0.701,12.5,164953468.65,149045984.87,30677.8
"Naque",127.173,6303,49.56,6443,100,0.675,NA,60371698.47,51979713,17147.57
"Natalândia",468.66,3520,7.51,3642,99.29,0.671,NA,41154570.46,38159336.52,26363.44
"Natércia",188.719,4691,24.86,4805,99.62,0.693,26.32,41196815.11,34899803.39,28557.91
"Nazareno",341.453,8179,23.95,8407,99.17,0.69,NA,93766367.24,81635841.63,101107.62
"Nepomuceno",582.553,25018,42.95,25757,96.84,0.667,13.79,136135280.41,130501969.66,30274.9
"Ninheira",1108.27,10588,9.55,10965,100,0.556,9.26,34071730.41,40856073.07,15755.23
"Nova Belém",146.776,3151,21.47,3126,100,0.592,27.03,59147304.78,54711477.97,42379.48
"Nova Era",361.852,17438,48.18,17813,99.42,0.709,10.93,113711444.96,95018274.78,27570.55
"Nova Lima",430.115,111697,260.18,120959,98.9,0.813,12.3,1484697607.4,1582951384.5,111440.33
"Nova Módica",375.973,3663,9.74,3726,100,0.63,NA,44731632.97,42047685.21,19633.02
"Nova Ponte",1111.011,14598,13.14,15220,99.23,0.701,34.15,148160734.32,143960605.76,108346.89
"Nova Porteirinha",120.944,6706,55.45,6746,98.96,0.641,9.8,45260419.71,39864792.51,23695.35
"Nova Resende",390.152,16387,42,16919,94.82,0.671,8.85,103251714.25,93119334.85,30082.15
"Nova Serrana",282.472,105552,373.67,114791,99.27,0.715,7.77,552671079.17,540766151.32,37293.07
"Novo Cruzeiro",1702.981,26975,15.84,27268,100,0.571,12.82,147199316.28,136693895.24,15447.65
"Novo Oriente de Minas",755.151,10275,13.61,10503,99.45,0.555,NA,60181141.79,52862388.9,14694.79
"Novorizonte",271.61,4571,16.83,4612,99.34,0.616,NA,43466282.07,37187638.78,20256.74
"Olaria",178.242,1945,10.91,1986,100,0.636,52.63,35462008.27,34660042.61,22969.85
"Olhos-d'Água",2092.078,5385,2.57,5530,99.54,0.626,28.17,46943348.77,41670615.6,38042.15
"Olímpio Noronha",54.633,2555,46.77,2618,98.87,0.674,NA,34848192.89,30208197.49,21587.42
"Oliveira",897.294,39262,43.76,40576,98.66,0.699,20.13,293774780.56,256486524.79,37268.52
"Oliveira Fortes",111.13,2027,18.24,2058,99.38,0.635,NA,32273876.48,27528293.39,21910.19
"Onça de Pitangui",246.976,2969,12.02,3024,99.29,0.663,NA,35649404.43,34063090.07,27742.48
"Oratórios",89.068,4917,55.21,5102,100,0.637,25,42567343.88,39218027.42,17105.77
"Orizânia",121.8,8437,69.27,8828,98.25,0.562,NA,48850779.84,48092697.95,17421.79
"Ouro Branco",258.726,38724,149.67,40638,99.86,0.764,10.04,357588172.8,330014265.44,111320.29
"Ouro Fino",533.714,32094,60.13,33285,98.29,0.722,10.1,171091116.31,154603178.27,38131.46
"Ouro Preto",1246.068,74821,60.06,77914,99.35,0.741,12.95,917790617.1,888480614.4,90426.62
"Ouro Verde de Minas",175.482,5757,32.81,5847,99.02,0.595,33.71,56697158.96,61725522.79,15175.14
"Padre Carvalho",446.275,5058,11.33,5045,99.53,0.599,NA,38420495.4,39021268.79,13532.69
"Padre Paraíso",544.375,17334,31.84,17463,98.77,0.596,8.81,108267299.15,99633897.78,14692.56
"Paineiras",637.309,4224,6.63,4253,100,0.669,NA,39983884.43,74478257.03,23425.03
"Pains",421.862,8142,19.3,8353,100,0.728,51.72,93173066.78,80981054.34,83087.16
"Pai Pedro",839.805,5551,6.61,5616,99.85,0.59,20.83,42027511.81,37243211.14,13263.03
"Paiva",58.419,1474,25.23,1495,100,0.72,NA,31266684,26982950.78,22970.75
"Palma",316.476,5707,18.03,5699,99.2,0.703,NA,39892726.05,35924222.31,20055.93
"Palmópolis",433.154,6301,14.55,6342,99.54,0.565,16.13,38310548.85,35564293.58,13170.56
"Papagaios",553.577,13920,25.15,14202,98.85,0.666,4.48,110663028.65,76613142.2,27185.41
"Paracatu",8231.029,94023,11.42,99005,98.52,0.744,15.95,851977337.22,798236246.05,72311.27
"Pará de Minas",551.105,97139,176.22,102844,98.82,0.725,6.87,596026167.66,598169512.01,53134.48
"Paraguaçu",424.296,21723,51.2,22452,99.54,0.715,8.7,112847185.39,100911472.28,36882.58
"Paraisópolis",331.238,20445,61.72,21076,100,0.729,18.1,107163149.31,90564155.07,37638.33
"Paraopeba",625.631,24107,38.53,24899,98.41,0.694,6.56,134202783.84,176060385.69,45967.29
"Passabém",94.183,1600,16.99,1609,100,0.642,NA,29241485.43,27027696.89,18751.18
"Passa Quatro",277.221,15515,55.97,15847,99.05,0.715,22.6,88190540.15,84209688.64,47660.13
"Passa Tempo",429.172,8473,19.74,8716,98.75,0.687,NA,70175854.86,59370084.49,36652.34
"Passa Vinte",246.565,2233,9.06,2311,99.13,0.648,NA,39542802.57,37382046.22,21300.72
"Passos",1338.07,111939,83.66,116951,99.4,0.756,9.46,592527592.75,590725156.25,36449.37
"Patis",444.196,4837,10.89,4825,99.5,0.614,NA,41341538.96,41732403.22,12743.9
"Patos de Minas",3190.456,159235,49.91,169173,99.19,0.765,12.2,962832046.95,988304222.6,51190.81
"Patrocínio",2874.344,89826,31.25,94357,98.76,0.729,11.66,674233234.01,628437646.56,54502.98
"Patrocínio do Muriaé",108.246,5576,51.51,5754,99.4,0.682,NA,35714465.12,32449290.44,27280.81
"Paula Cândido",268.321,8659,32.27,8757,99.48,0.637,13.89,44042579.66,39373983.12,16557.7
"Paulistas",220.564,4389,19.9,4402,98.88,0.625,NA,36043994.7,31641704.43,18336.91
"Pavão",601.19,8047,13.39,8143,98.11,0.627,13.89,44840562.95,41989944.95,13798.09
"Peçanha",996.646,17446,17.5,17863,99.54,0.627,22.6,100436060.7,92163779.89,16822.48
"Pedra Azul",1594.651,24410,15.31,25045,96.08,0.627,15,128121748.5,113127423.83,17569.45
"Pedra Bonita",173.928,7320,42.09,7599,98.65,0.573,8.13,42405731.9,41187661.42,17074.9
"Pedra do Anta",173.168,3311,19.12,3366,100,0.624,NA,35484117,31284795.13,19697.48
"Pedra do Indaiá",347.92,4112,11.82,4247,99.07,0.708,NA,39339385.58,35976603.8,32541.46
"Pedra Dourada",69.99,2757,39.39,2916,97.77,0.655,NA,33479511.93,30807426.29,23754.7
"Pedralva",217.99,10760,49.36,10891,99.64,0.675,NA,55274785.55,48753853.37,20585.2
"Pedras de Maria da Cruz",1525.648,10433,6.84,10601,97.67,0.614,NA,60513353.42,56456842.09,12676.71
"Pedrinópolis",357.891,3344,9.34,3398,100,0.729,NA,48733818.34,47394073.25,99738.85
"Pedro Leopoldo",292.81,62580,213.71,65174,98.54,0.757,9.02,345783581.51,321540737.5,40178.6
"Pedro Teixeira",112.959,1810,16.02,1857,100,0.637,NA,35741340.95,27480555.19,20639.38
"Pequeri",90.833,3351,36.89,3461,100,0.694,NA,37959415.93,32228007.23,23475.42
"Pequi",203.991,4155,20.37,4265,100,0.674,NA,64086150.97,73731927.49,25012.04
"Perdigão",249.322,12268,49.21,13118,98.85,0.703,NA,78582453.91,77668496.58,30874.29
"Perdizes",2451.112,17151,7,17992,99.23,0.723,14.18,206574466.34,158216085.36,150305.14
"Perdões",270.657,21384,79.01,22075,98.57,0.744,20.62,115927608.91,119555630.79,37957.54
"Periquito",228.907,6553,28.63,6624,99.27,0.651,44.64,63033778.95,65796870.99,18310.4
"Pescador",317.463,3570,11.25,3559,99.29,0.656,23.81,34536553.53,30617978.94,16021.46
"Piau",192.196,2796,14.55,2854,100,0.629,NA,32929832.11,30387622.69,40942.52
"Piedade de Caratinga",109.345,8529,78,8966,98.26,0.612,7.87,45456930.27,41118028.26,25137.23
"Piedade de Ponte Nova",83.733,3976,47.48,4054,96.21,0.639,NA,39219354.63,34902677.38,19166.71
"Piedade do Rio Grande",322.814,4604,14.26,4694,100,0.678,NA,35631218.05,31556982.64,29356.58
"Piedade dos Gerais",259.638,5019,19.33,5199,100,0.626,NA,40437882.22,36057508.41,25591.17
"Pimenta",414.969,8563,20.64,8817,100,0.686,12.82,65620449.9,64004263.62,36723.85
"Pingo-d'Água",66.57,4706,70.69,4864,99.4,0.619,NA,42413183.33,42054835.6,14904.86
"Pintópolis",1228.736,7084,5.77,7228,99.1,0.594,10.64,50070317.06,47284899.67,13301.75
"Piracema",280.335,6700,23.9,6905,99.43,0.646,16.95,57107203.28,54441600.84,37099.25
"Pirajuba",337.98,5537,16.38,5814,98.62,0.723,NA,61280160.37,56635179.41,115405.94
"Piranga",658.812,17018,25.83,17358,99.5,0.6,7.04,85578203.51,81531826.06,14876.97
"Piranguçu",203.619,6041,29.67,6320,99.14,0.685,NA,38102785.46,37824915.03,19635.06
"Piranguinho",124.803,9120,73.08,9518,98.3,0.717,33.71,49896926.94,47225223.51,18812.87
"Pirapetinga",190.681,11077,58.09,11454,98.6,0.709,6.99,77702562.58,67831862.44,63909.7
"Pirapora",549.514,55606,101.19,57713,99.2,0.731,14.12,391945960.31,402235833.4,60447.78
"Piraúba",144.289,11610,80.46,12006,95.25,0.684,17.39,57409458.64,51598512.67,21223.15
"Pitangui",569.636,26685,46.85,27834,98.31,0.725,12.23,134618204.1,120446678.87,26339.42
"Piumhi",902.468,36062,39.96,38007,99.36,0.737,6.93,206976348.42,186803731.84,43496.6
"Planura",317.52,11145,35.1,11533,98.08,0.712,NA,88192538.98,76706427.84,75657.29
"Poço Fundo",474.244,16390,34.56,16824,98.7,0.691,6.37,123014305.05,120568320.06,33488.67
"Poços de Caldas",546.958,163742,299.37,172339,98.93,0.779,10.68,1310570951.09,1288782519.38,65547.68
"Pocrane",691.066,8350,12.08,8438,100,0.626,33.33,45465548.07,46164290.13,18200.45
"Pompéu",2551.074,31047,12.17,32441,97.56,0.689,30.23,183517048.07,190365413.31,39614.4
"Ponte Nova",470.643,57776,122.76,59638,99.05,0.717,10.95,409299773.56,409824650.33,44898.56
"Ponto Chique",602.799,3747,6.22,3797,100,0.606,NA,39439141.28,34022399.62,17061.84
"Ponto dos Volantes",1212.413,10883,8.98,11059,99.27,0.595,22.22,63798304.16,60127727.58,13729.34
"Porteirinha",1749.683,37438,21.4,38692,99.72,0.651,13.79,172717404.12,166079176.05,16708.3
"Porto Firme",284.777,10569,37.11,10840,98.93,0.634,NA,51668795.51,46870229.86,14358.84
"Poté",625.111,13666,21.86,13649,99.55,0.624,5.75,81892496.87,82399133.37,15642.16
"Pouso Alegre",542.797,152217,280.43,162133,99.01,0.774,9.01,1261935616.85,1251655833.09,93295.79
"Pouso Alto",263.034,6566,24.96,6779,98.8,0.71,31.75,45491783.5,37879921.99,82639.19
"Prados",264.115,9048,34.26,9369,96.48,0.689,12.2,49102644.68,42508115.04,28494.62
"Prata",4847.544,28342,5.85,29745,99.3,0.695,14.45,193301523.39,172193115.95,60076.03
"Pratápolis",215.516,8406,39,8534,100,0.729,12.35,54890239.18,53999321.51,29693.5
"Pratinha",622.478,3559,5.72,3691,100,0.721,25,43831673,44711782.47,64673.34
"Presidente Bernardes",236.798,4850,20.48,4847,100,0.632,NA,43696515.89,37261614.94,16617.73
"Presidente Juscelino",695.882,3465,4.98,3471,99.14,0.614,NA,37492373.06,33670657.91,18079.88
"Presidente Kubitschek",189.235,3071,16.23,3162,100,0.595,45.45,35052526.74,32761789.83,14774.63
"Presidente Olegário",3503.848,18765,5.36,19192,98.33,0.701,NA,132342838.52,128688027.18,48221.82
"Alto Jequitibá",152.272,8397,55.14,8606,95.33,0.66,8.06,46085864.77,42625132.31,19132.18
"Prudente de Morais",124.189,11466,92.33,12052,99.79,0.69,9.09,71309979.27,61674256.09,29044.33
"Quartel Geral",556.436,3179,5.71,3232,100,0.683,25.64,41746242.26,39059100.29,28277.54
"Queluzito",153.56,1770,11.53,1796,100,0.682,NA,38292780.3,34899235.57,28909.17
"Raposos",72.228,16279,225.38,16796,99.77,0.73,11.56,66991560.15,78689086.74,14292.6
"Raul Soares",763.364,23423,30.68,23874,99.32,0.655,9.26,119491295.99,106346641.45,21257.87
"Recreio",234.296,11007,46.98,11383,98.9,0.692,NA,59047697.48,59688602.46,13855.85
"Reduto",151.859,7848,51.68,8246,98.82,0.629,10.53,45128186,35631963.44,16724.91
"Resende Costa",618.312,11230,18.16,11544,99.59,0.685,16.95,76633943.57,64330417.01,21717.56
"Resplendor",1081.796,17226,15.92,17629,100,0.67,13.22,100860161.05,102156212.88,21845.42
"Ressaquinha",183.062,4548,24.84,4640,98.34,0.683,45.45,51948312.96,41670105.67,111484.53
"Riachinho",1719.266,6863,3.99,6830,100,0.632,NA,50242904.13,46051197.48,27375.56
"Riacho dos Machados",1315.54,8756,6.66,8858,100,0.627,9.09,68612702.38,58897207.87,34459.78
"Ribeirão das Neves",155.105,329794,2126.26,346971,98.96,0.684,10.56,1137190207.96,1052468579.96,19214.1
"Ribeirão Vermelho",49.251,4080,82.84,4217,99.33,0.737,57.14,35476314.97,29784375.13,32564.47
"Rio Acima",228.899,10261,44.93,10698,98.4,0.673,28.04,127665166.6,107960820.95,25373.95
"Rio Casca",384.381,12789,33.27,12851,98.17,0.65,17.54,81922380.09,74143443.66,21722.91
"Rio Doce",112.094,2484,22.16,2545,98.03,0.664,NA,96581224.68,96818688.96,43333.64
"Rio do Prado",479.815,4639,9.67,4649,99.32,0.605,19.61,43734465.89,40542372.32,14681.48
"Rio Espera",238.602,5429,22.75,5447,99.35,0.602,NA,34610700.82,29334927.27,13904.85
"Rio Manso",231.54,5568,24.05,5746,99.57,0.648,18.87,39877129.85,38489817.06,24834.57
"Rio Novo",209.31,8518,40.7,8683,98.3,0.707,NA,50584329.15,44010292.92,16853.23
"Rio Paranaíba",1352.353,14532,10.75,15297,92.25,0.709,39.74,155500297.69,148182733.95,79004.99
"Rio Pardo de Minas",3117.675,28271,9.07,29103,99.34,0.624,5.21,142804567.59,126459480.34,14301.31
"Rio Piracicaba",373.037,14631,39.22,15036,99.43,0.685,6.94,131331354.94,112106295.16,18471.78
"Rio Pomba",252.418,17443,69.1,17885,98.9,0.714,25.48,90182232.1,87361900.26,32911.85
"Rio Preto",348.046,5141,14.77,5235,100,0.679,NA,37197205.48,33211667.41,16084.42
"Rio Vermelho",987.246,12641,12.81,12770,100,0.558,28.57,62410485.05,59610697.17,14037.63
"Ritápolis",404.805,4994,12.34,5122,100,0.653,32.26,40623690.02,37244851.8,24992.25
"Rochedo de Minas",79.402,2291,28.85,2374,98.82,0.684,NA,34195003.21,39306881.41,81881.65
"Rodeiro",72.673,8664,119.22,9168,99.91,0.668,8.26,50396756.62,47163834.99,81359.44
"Romaria",407.557,3386,8.31,3430,99.05,0.708,NA,50831083.4,55344420.93,85099.93
"Rosário da Limeira",111.156,4734,42.59,4926,100,0.662,NA,43005269.81,36392898.23,19180
"Rubelita",1110.295,5679,5.11,5460,99.24,0.582,18.52,45974174.33,41941412.66,15103.88
"Rubim",965.174,10298,10.67,10602,100,0.609,11.49,62655713.11,57442984.64,13518.56
"Sabará",302.453,129380,427.77,134576,99.16,0.731,14.43,588412582.74,620444207.55,29658.31
"Sabinópolis",919.811,14240,15.48,14309,99.32,0.638,6.62,107217620.86,92354975.05,29145.95
"Sacramento",3073.268,26670,8.68,28076,99.64,0.732,18.02,274397034.68,248329197.11,89506.92
"Salinas",1862.117,40178,21.58,41736,99.31,0.679,5.8,235707694.22,223716225.36,22492.27
"Salto da Divisa",938.008,6110,6.51,6126,98.69,0.608,33.33,47837381.36,47235635.36,19428.88
"Santa Bárbara",684.505,30466,44.51,31916,98.3,0.707,5.13,223981196.1,233774805.02,33450.02
"Santa Bárbara do Leste",107.402,8458,78.75,8785,100,0.613,22.73,49575447.16,44756078.68,18115.63
"Santa Bárbara do Monte Verde",417.925,3095,7.41,3218,99.65,0.606,NA,35678181.98,31576914.4,23081.8
"Santa Bárbara do Tugúrio",194.564,4208,21.63,4245,97.37,0.637,18.87,38136875.54,36024505.64,18537.87
"Santa Cruz de Minas",3.565,8109,2274.61,8339,98.1,0.706,9.52,41303272.82,36402151.54,19113.98
"Santa Cruz de Salinas",589.607,3910,6.63,3919,98.24,0.577,NA,37738779.73,34532234.96,15132.75
"Santa Cruz do Escalvado",258.726,4673,18.06,4728,100,0.625,NA,43114064.52,35308207.61,19330.47
"Santa Efigênia de Minas",131.965,4039,30.61,4038,95.38,0.607,18.52,35795930.24,31274390.97,14521.45
"Santa Fé de Minas",2917.448,3522,1.21,3528,97.4,0.615,NA,43014752.03,42604853.04,20121.17
"Santa Helena de Minas",276.433,5938,21.48,6056,93.92,0.567,38.46,38521848.19,35686919.76,11625
"Santa Juliana",723.784,15734,21.74,16820,97.82,0.706,8.44,130845531.13,119869283.57,57968.3
"Santa Luzia",235.166,219132,931.66,230382,98.82,0.715,10.59,871988657.92,818687259.14,30155.78
"Santa Margarida",255.73,16395,64.11,16989,98.59,0.61,23.35,94598374.28,83814982.78,30349.4
"Santa Maria de Itabira",597.441,10485,17.55,10718,99.59,0.648,18.35,66335454.98,61431460.18,31192.2
"Santa Maria do Salto",440.605,4755,10.79,4777,100,0.613,NA,35173265.77,30433269.5,12797.54
"Santa Maria do Suaçuí",624.047,12788,20.49,12817,98.81,0.64,18.07,67334123.93,69736378.3,17459.03
"Santana da Vargem",172.444,6691,38.8,6756,99.74,0.698,25,45402342.44,40105742.37,38604.48
"Santana de Cataguases",161.486,3489,21.61,3548,98.87,0.694,80,34782731.83,33346051.29,17527.27
"Santana de Pirapama",1255.832,7030,5.6,7030,98.04,0.628,14.29,44955106.08,38933551.2,19279.17
"Santana do Deserto",182.655,3747,20.51,3815,98.44,0.651,66.67,50183527.22,36609348.81,22571.06
"Santana do Garambéu",203.074,2137,10.52,2171,100,0.667,43.48,33045095.67,29394290.97,22611.88
"Santana do Jacaré",106.169,4214,39.69,4246,100,0.647,NA,35684850.21,30781790.69,30669.77
"Santana do Manhuaçu",347.362,8987,25.87,9264,98.95,0.621,15.04,58269507.87,52530408.04,25357.46
"Santana do Paraíso",275.575,44800,162.28,49025,98.9,0.685,4.65,217806150.27,190202343.05,27923.61
"Santana do Riacho",677.207,5313,7.85,5654,97.57,0.665,NA,66134147.79,49774141.74,26320.52
"Santana dos Montes",196.565,3469,17.65,3490,100,0.647,NA,35804672.49,31865918.17,18604.03
"Santa Rita de Caldas",503.011,8460,16.82,8561,100,0.69,NA,51062902.31,47973471,29439.84
"Santa Rita de Jacutinga",420.94,4755,11.3,4826,99.35,0.682,NA,42653291.68,38313994.93,18347.43
"Santa Rita de Minas",68.153,6773,99.38,6969,99.57,0.613,32.61,43983471.16,41720458.36,30777.45
"Santa Rita de Ibitipoca",324.234,3301,10.18,3331,100,0.63,30.3,38306869.29,31888170.62,21891.65
"Santa Rita do Itueto",485.081,5826,12.01,5984,99.15,0.607,24.39,49284159.26,42995862.89,40086.7
"Santa Rita do Sapucaí",352.969,40635,115.12,42517,99.32,0.721,6.11,221335345.26,204135048.29,61875.17
"Santa Rosa da Serra",284.334,3382,11.89,3487,97.23,0.705,NA,39444964.39,35830316.94,35285.56
"Santa Vitória",2998.364,20973,6.99,21914,99.69,0.71,4.69,224483581.05,236588043.15,47995.76
"Santo Antônio do Amparo",488.885,17285,35.36,17657,98.59,0.672,5.56,109432170.82,98643849.9,27617.68
"Santo Antônio do Aventureiro",202.032,3769,18.66,3896,100,0.671,NA,35952467.96,30829553.16,21025.45
"Santo Antônio do Grama",130.213,4229,32.48,4352,100,0.633,21.28,36855498.98,32242767.72,24253.09
"Santo Antônio do Itambé",305.737,3915,12.81,3969,98.87,0.558,NA,34781018.38,30858329.21,15157.83
"Santo Antônio do Jacinto",503.706,10327,20.5,10324,99.57,0.574,11.76,61039683.41,54203565.21,12689.42
"Santo Antônio do Monte",1125.78,27295,24.25,28456,98.62,0.724,5.59,182435889.88,166611376.72,34517.51
"Santo Antônio do Retiro",796.29,6629,8.32,6729,100,0.57,12.35,45352232,39404886.97,12774.81
"Santo Antônio do Rio Abaixo",107.269,1808,16.85,1856,100,0.669,NA,30455753.62,27395514.62,21096.04
"Santo Hipólito",430.656,2717,6.31,2692,100,0.657,NA,33667774.68,32631894.3,26383.82
"Santos Dumont",637.373,42406,66.53,43218,99.31,0.741,2.57,190868976.82,174321748.51,29698.76
"São Bento Abade",80.403,4713,58.62,4846,100,0.672,22.22,44256586.31,36878623.93,20514.03
"São Brás do Suaçuí",110.019,3989,36.26,4161,98.96,0.664,NA,66342241.76,51149952.32,25076.92
"São Domingos das Dores",60.865,5626,92.43,5793,99.66,0.638,NA,40293021.82,37111817.7,21439.32
"São Domingos do Prata",743.768,17392,23.38,17783,99.67,0.69,NA,109683021.23,88125208.41,23165.59
"São Félix de Minas",162.56,3200,19.69,3244,98.99,0.62,27.03,35557002.55,31523336.78,18471.15
"São Francisco",3308.1,52762,15.95,54223,98.94,0.638,10.07,258610910.75,257032475.04,16286.13
"São Francisco de Paula",316.822,6187,19.53,6281,98.99,0.66,16.67,40308745.04,35943084.68,37466.67
"São Francisco de Sales",1128.864,5732,5.08,5858,100,0.688,NA,62408180.84,57431457.59,43501.74
"São Francisco do Glória",164.613,4800,29.16,4848,99.25,0.663,NA,42241157.11,26041166.19,18717.29
"São Geraldo",185.578,10282,55.41,10524,98.91,0.651,17.7,56603239.43,51555134.05,34224.52
"São Geraldo da Piedade",152.336,3305,21.7,3200,99.33,0.6,NA,39666219.83,36513859.7,16176.47
"São Geraldo do Baixio",280.954,3143,11.19,3158,98.82,0.63,20,39850942.41,31430297.48,18075.33
"São Gonçalo do Abaeté",2692.545,7375,2.74,7515,100,0.67,40,94918553.72,63350760.62,51027.62
"São Gonçalo do Pará",265.73,11770,44.29,12275,97.79,0.689,16.81,67532012.91,61534742.06,32304.27
"São Gonçalo do Rio Abaixo",363.818,11850,32.57,12475,99.58,0.667,NA,516461057.62,561615057.77,317824.61
"São Gonçalo do Sapucaí",516.683,23959,46.37,24497,98.26,0.715,10.34,126084034.03,103081724.05,49638
"São Gotardo",866.087,40910,47.24,43851,93.63,0.736,9.98,207407611.2,178047871.3,38019.09
"São João Batista do Glória",547.908,7652,13.97,7959,99.57,0.724,23.26,67134275.62,53497045.8,38528.4
"São João da Lagoa",998.015,4822,4.83,4962,100,0.634,NA,39251905.98,35796435.06,15265.43
"São João da Mata",120.536,2914,24.18,3012,100,0.653,NA,31024303.06,27881139.17,22417.03
"São João da Ponte",1851.102,23930,12.93,24197,98.96,0.569,14.65,147923478.66,154508350.89,14972.88
"São João das Missões",678.274,13024,19.2,13547,98.13,0.529,26.52,59761915.4,53972899.46,9139.92
"São João del Rei",1452.002,90225,62.14,94468,99.69,0.758,5.68,497735276.6,516165490.33,38851.16
"São João do Manhuaçu",143.096,11246,78.59,11676,97.92,0.65,9.9,78939556.91,76877434.31,21806.14
"São João do Manteninha",137.928,5331,38.65,5479,99.47,0.64,12.99,39225398.59,37291496.18,17399.58
"São João do Oriente",120.122,7070,58.86,7099,97.87,0.648,11.63,42855509.29,43410719.54,18370.76
"São João do Pacuí",415.922,3972,9.55,4050,100,0.625,NA,37358914.32,36304131.74,13289.89
"São João do Paraíso",1925.575,23910,12.42,24706,98.84,0.615,7.81,113275985.7,98152689.82,14372.1
"São João Evangelista",478.183,15315,32.03,15613,99.22,0.638,5.75,91896660.01,86233038.8,19114.36
"São João Nepomuceno",407.427,25565,62.75,26529,98.35,0.708,7.66,135835103.77,127502526.63,26304.65
"São Joaquim de Bicas",71.995,34348,478.66,37017,98.48,0.662,11.34,285780497.88,303326720.12,31010.36
"São José da Barra",308.319,7793,25.28,8145,100,0.739,22.99,66395106.46,58094725.88,116931.19
"São José da Lapa",48.135,26090,544.34,28087,99.21,0.729,14.29,175853720.56,187810166.55,39001.28
"São José da Safira",213.881,3806,17.79,3849,98.17,0.583,14.29,42330647.4,38603907.47,13941.59
"São José da Varginha",205.501,4536,22.07,4698,98.76,0.704,NA,42133558.99,33660015.44,30177.17
"São José do Alegre",88.794,4133,46.55,4252,99.09,0.717,45.45,34244530.82,31491423.31,19109.85
"São José do Divino",328.704,3464,10.54,3482,100,0.658,NA,47905682.07,41751201.3,17421.39
"São José do Goiabal",189.578,5396,28.46,5482,99.57,0.666,20.41,40150831.77,35688060.97,16182.96
"São José do Jacuri",345.146,6197,17.95,6282,99.57,0.566,44.44,47015568.93,43670921.95,25422.1
"São José do Mantimento",54.701,2753,50.33,2844,100,0.657,NA,33398406.78,30926849.87,20701.63
"São Lourenço",58.019,44798,772.13,46868,98.79,0.759,8.75,350124212.49,327260626.33,31519.71
"São Miguel do Anta",152.111,6334,41.64,6410,99.06,0.644,18.18,40296975.68,35975327.08,20483.14
"São Pedro da União",260.827,4885,18.73,4973,98.55,0.674,NA,43967393.29,37275450.14,32238.35
"São Pedro dos Ferros",402.739,7166,17.79,7132,99.07,0.659,NA,35204656.34,32904475.55,22415.01
"São Pedro do Suaçuí",308.106,5103,16.56,5143,99.29,0.622,NA,39516120.56,34293678.45,22998.71
"São Romão",2434.004,10315,4.24,10562,100,0.64,NA,77407619.63,75026245.54,22113.87
"São Roque de Minas",2098.867,7129,3.4,7370,98.13,0.672,NA,59949828.97,52624351.06,59499.48
"São Sebastião da Bela Vista",167.428,6387,38.15,6778,99.43,0.692,NA,50207865.69,45281233.73,112492.09
"São Sebastião da Vargem Alegre",73.629,3113,42.28,3239,99.08,0.66,NA,44056545.26,45150374.4,20619.07
"São Sebastião do Anta",80.618,6194,76.83,6415,98.57,0.607,13.33,46465042.36,42982551.34,20739.42
"São Sebastião do Maranhão",517.83,10079,19.46,10218,99.53,0.581,NA,55865344.95,44500767.28,12513.15
"São Sebastião do Oeste",408.09,8815,21.6,9527,100,0.626,19.23,69418417.14,65578956.44,100121.16
"São Sebastião do Paraíso",814.925,71796,88.1,75179,99.12,0.722,9.6,441747011.22,434631105.15,39476.43
"São Sebastião do Rio Preto",128.002,1259,9.84,1229,96.9,0.632,NA,27904839.2,29387031.29,25063.53
"São Sebastião do Rio Verde",90.848,2300,25.32,2385,100,0.676,NA,32128177.5,28711314.16,20932.6
"São Tiago",572.4,11192,19.55,11559,99.57,0.662,9.09,64215394.23,55591160.2,25065.31
"São Tomás de Aquino",277.928,6740,24.25,6837,93.51,0.7,NA,48938625.6,42021199.98,35131.08
"São Tomé das Letras",369.747,6904,18.67,7107,99.73,0.667,NA,46283634.76,44327425.32,23103.37
"São Vicente de Minas",392.651,6804,17.33,6928,99.14,0.715,NA,50900316.17,49428199.29,36498.56
"Sapucaí-Mirim",285.073,6311,22.14,6469,100,0.68,14.29,47719489.92,42424330.22,27614.31
"Sardoá",141.904,5104,35.97,5140,97.96,0.636,15.63,43577515.36,39214387.22,16711.3
"Sarzedo",62.134,36844,592.98,39974,99.35,0.734,17.41,272114040.94,286202549.68,44580.44
"Setubinha",534.655,9917,18.55,9985,99.11,0.542,7.3,56825122.29,53174926.75,13619.09
"Sem-Peixe",176.634,2433,13.77,2420,100,0.654,45.45,33512741.72,33980087.22,17165.12
"Senador Amaral",151.097,6206,41.07,6517,100,0.661,7.58,49483585.79,43729420.27,18648.07
"Senador Cortes",98.336,2240,22.78,2335,100,0.674,31.25,32957917.31,27358848.27,21683.19
"Senador Firmino",166.495,7716,46.34,7977,98.63,0.644,NA,49424387.93,40868070.84,18527.26
"Senador José Bento",93.892,2068,22.03,2149,100,0.684,NA,26335123.6,24311300.62,20983.94
"Senador Modestino Gonçalves",952.055,4008,4.21,4006,100,0.62,26.32,38951415.29,39008825.48,23123.43
"Senhora de Oliveira",170.749,5483,32.11,5577,98.4,0.631,NA,37153225.46,34860698.12,16620.02
"Senhora do Porto",381.328,3067,8.04,3066,100,0.565,NA,32863725.63,29350344.76,18281.72
"Senhora dos Remédios",237.815,10384,43.66,10657,99.38,0.626,10.87,53846652.15,45481578.72,13368.09
"Sericita",166.012,7345,44.24,7552,99.23,0.56,30.93,41640098.37,33859359.21,21298.52
"Seritinga",114.769,1819,15.85,1866,100,0.66,NA,31150860.32,24822295.28,30107.98
"Serra Azul de Minas",218.595,3792,17.35,3808,100,0.557,68.97,34942382.93,30342575.99,14780.74
"Serra da Saudade",335.659,833,2.48,856,100,0.677,NA,31052378.95,26301850.01,30686.21
"Serra dos Aimorés",213.574,6944,32.51,6859,99.19,0.651,11.36,41988149.85,38317936.73,22908.8
"Serra do Salitre",1295.272,11801,9.11,12286,98.91,0.696,5.65,145862715.89,141578487.93,76136.73
"Serrania",209.27,7621,36.42,7811,100,0.677,NA,43258781.88,39867534.68,26579.79
"Serranópolis de Minas",551.954,4399,7.97,4497,100,0.633,NA,41931046.78,36515292.63,13928.39
"Serranos",213.173,1990,9.34,2036,100,0.643,NA,31825606.26,28108283.87,24281.41
"Serro",1217.813,21952,18.03,22624,97.42,0.656,11.81,123886138.1,105308704.63,17625.88
"Sete Lagoas",536.928,227397,423.51,238909,99.16,0.76,8.54,1437247931.07,1414738001.91,65543.81
"Silveirânia",157.456,2323,14.75,2399,100,0.652,55.56,35806343.67,31643645.11,19374.49
"Silvianópolis",312.166,6179,19.79,6348,97.79,0.699,17.54,41614654.82,39677482.16,28921.04
"Simão Pereira",135.689,2947,21.72,3084,84.92,0.638,57.14,47233673.92,38305587.81,39392.33
"Simonésia",486.543,19750,40.59,20431,98.86,0.632,17.91,110463046.27,107195641.76,18796.45
"Sobrália",206.787,5137,24.84,5140,100,0.631,NA,55943737.62,50428365.51,15990.16
"Soledade de Minas",196.866,5613,28.51,5733,98.4,0.697,39.22,36211710.91,31250778.26,18554.58
"Tabuleiro",211.084,4014,19.02,4097,98.74,0.681,NA,49545265.57,32719897.84,21570.71
"Taiobeiras",1220.045,33050,27.09,34537,99.32,0.67,14.42,184430056.47,169166389.96,21342.59
"Taparuba",193.082,3387,17.54,3508,100,0.645,NA,42422321.26,39938855.71,17709.19
"Tapira",1179.248,4118,3.49,4215,99.53,0.712,21.74,95865636.83,79118440.77,153403.51
"Tapiraí",407.92,1690,4.14,1698,98.82,0.667,NA,28250638.13,21904283.86,41586.33
"Taquaraçu de Minas",329.287,4224,12.83,4394,100,0.651,NA,41896383.52,39213154.64,20052.78
"Tarumirim",731.753,14709,20.1,15104,99.41,0.633,14.81,73651973.86,70346886.07,16070.3
"Teixeiras",166.735,12255,73.5,12691,99.61,0.675,NA,60129882.05,55086834.34,17955.14
"Teófilo Otoni",3242.27,137418,42.38,142851,98.53,0.701,14.79,844530157.39,957161256.92,25762.62
"Timóteo",144.377,81579,565.03,84172,99.3,0.77,2.26,485207861.03,454466414.18,56987.61
"Tiradentes",83.047,7744,93.25,8056,98.54,0.74,NA,52415368.03,47408387.17,38423.47
"Tiros",2091.774,7883,3.77,8231,100,0.683,27.03,61511739.85,54129223.87,55948.8
"Tocantins",173.866,16185,93.09,16603,99.07,0.688,NA,87146325.37,84292437.92,27851.98
"Tocos do Moji",114.705,3826,33.36,3894,100,0.696,20,36307168.04,32716276.46,21608.21
"Toledo",136.776,7214,52.74,7625,99.1,0.661,13.7,47471893.42,47876104.26,17413.05
"Tombos",285.124,8609,30.19,8653,99.69,0.718,13.89,49399173.81,46803973.19,19520.55
"Três Corações",828.038,75485,91.16,78291,99.58,0.744,13.22,381107885.18,389446838.04,47277.07
"Três Marias",2678.254,28895,10.79,29985,99.81,0.752,NA,246605706.76,238331699.68,89376.4
"Três Pontas",689.794,55255,80.1,57209,99.51,0.731,12.35,331014298.72,333166922.86,41417.07
"Tumiritinga",500.073,5886,11.77,5955,99.33,0.626,26.67,55048433.63,54755536.5,16056.74
"Tupaciguara",1822.53,25470,13.98,26583,98.52,0.719,17.01,196519288.14,184338617.71,54974.93
"Turmalina",1153.111,20000,17.34,20769,100,0.682,9.26,121529289.5,115115464.27,24343.45
"Turvolândia",221,4935,22.33,5097,100,0.696,15.63,45297554.63,45685534.33,32184.72
"Ubá",407.452,103365,253.69,107423,97.13,0.724,8.74,563593275.19,498631709.54,43169.47
"Ubaí",820.524,11708,14.27,11985,99.74,0.609,NA,58198037.41,56175858.05,12133.34
"Ubaporanga",189.045,13017,68.86,13485,98.93,0.614,13.7,68953205.52,61227027.49,17452.84
"Uberaba",4523.957,337836,74.68,356781,98.09,0.772,10.2,2364875962.74,2144400106.09,70120.94
"Uberlândia",4115.206,713224,173.31,761835,98.83,0.789,10.56,4504632618.18,4758850443.09,71598.38
"Umburatiba",405.834,2684,6.61,2742,100,0.638,32.26,34372611.42,33384753.67,20220.1
"Unaí",8445.432,86619,10.26,91320,98.73,0.736,6.69,568941733.07,542563355.86,60281.57
"União de Minas",1147.407,3828,3.34,3818,98.93,0.672,25,46556961.52,37911963.23,49027.83
"Uruana de Minas",598.221,3282,5.49,3365,99.39,0.664,43.48,41743631.14,39467816.62,29293.76
"Urucânia",138.792,10600,76.37,10899,98.67,0.633,NA,57808938.54,48943117.2,33597.84
"Urucuia",2076.942,17479,8.42,18515,98.81,0.619,8.4,84237570.33,86758431.14,13209.38
"Vargem Alegre",116.664,5780,49.54,5800,99.59,0.631,NA,39674154.81,36346077.35,15012.85
"Vargem Bonita",409.888,2158,5.26,2207,100,0.696,37.04,34566784.48,29905552.15,42818.54
"Vargem Grande do Rio Pardo",491.512,4633,9.43,4724,100,0.634,17.54,45257158.37,40141265.31,16621.34
"Varginha",395.396,136467,345.14,143676,99.79,0.778,12.91,12714627854.34,10224211840.85,73780.24
"Varjão de Minas",651.505,6969,10.7,7305,97.15,0.711,20.83,58645517.01,46739225.63,51926.77
"Várzea da Palma",2220.279,33744,15.2,34555,98.22,0.666,11.49,185527665.69,169750436.78,40059.08
"Varzelândia",814.994,18840,23.12,19210,99.28,0.594,29.17,100528119.61,98837859.42,12478.66
"Vazante",1913.396,19975,10.44,20459,98.75,0.742,9.05,160644315.33,151486950.43,60233.23
"Verdelândia",1570.582,7672,4.88,7737,99.03,0.584,6.85,52000922.76,52837199.67,17824.68
"Veredinha",631.691,5181,8.2,5240,100,0.632,23.26,48826417.61,44434826.07,22185.58
"Veríssimo",1031.823,3411,3.31,3478,95.01,0.667,NA,42454810.08,35125239.98,89993.48
"Vermelho Novo",115.242,4899,42.51,5048,99.11,0.612,49.18,41360667.18,35075457.54,17923.79
"Vespasiano",70.456,129246,1819.34,138583,98.05,0.688,9.68,614275559.44,611545773.98,28049.94
"Viçosa",299.418,76430,255.26,79517,99.34,0.775,8.02,470427273.55,457669704.44,29239.36
"Vieiras",112.691,3700,32.83,3781,99.3,0.668,NA,42800371.16,34897810.22,18752.64
"Mathias Lobato",172.297,3038,17.63,3053,98.97,0.612,NA,60118923.44,54975624.46,19092.25
"Virgem da Lapa",868.914,11804,13.58,11774,99.22,0.61,NA,74041650.25,74131635.88,13773.93
"Virgínia",326.515,8908,27.28,9164,99.56,0.651,24.39,49698949.49,48238509.26,26814.39
"Virginópolis",439.878,10314,23.45,10511,98.89,0.675,NA,68103990.16,72844339.2,20456.87
"Virgolândia",281.022,4552,16.2,4471,100,0.62,56.6,43157495.55,36453044.8,14883.22
"Visconde do Rio Branco",243.351,39160,160.92,40711,99.01,0.709,20,192408856.79,193491609.42,52407.5
"Volta Grande",205.552,4443,21.61,4441,99.39,0.669,45.45,42598966.31,36103782.15,32947.62
"Wenceslau Braz",102.487,2356,22.99,2377,100,0.678,NA,32775320.96,28063766.68,18576.75
